id,url,role,Topic,title,module,description,lastUpdated,sapHelpLink
1,https://education.hana.ondemand.com/education/pub/s4/index.html?show=slide!SL_627E9B014F352EBE,,Accelerated Customer Returns,Accelerated Customer Returns,Cross-Functional,"Complete the end-to-end returns and refunding process, with automated creation of all follow-up documents.",2026-02-27,https://help.sap.com/docs/SAP_S4HANA_ON-PREMISE?version=2022
2,https://education.hana.ondemand.com/education/pub/s4/index.html?show=slide!SL_9C0072A281E0778A,Returns and Refund Clerk,Accelerated Customer Returns,Accelerated Customer Returns - Goods are Inspected at Customer Site,Sales - Returns (SD-RET),"Complete the end-to-end returns and refunding process, with automated creation of all follow-up documents.",2026-02-27,https://help.sap.com/docs/SAP_S4HANA_ON-PREMISE?version=2022
3,https://education.hana.ondemand.com/education/pub/s4/index.html?show=slide!SL_DF090F9D39A272B6,"Returns and Refund Clerk,Shipping Specialist,Receiving Specialist,Billing Clerk",Accelerated Customer Returns,Accelerated Customer Returns - Goods are Returned to Seller,Sales - Billing (SD-BIL),"Complete the end-to-end returns and refunding process, with automated creation of all follow-up documents.",2026-02-27,https://help.sap.com/docs/SAP_S4HANA_ON-PREMISE?version=2022
4,https://education.hana.ondemand.com/education/pub/s4/index.html?show=slide!SL_AFF43D96455A3CBE,Returns and Refund Clerk,Accelerated Customer Returns,Accelerated Customer Returns - Goods are Returned to Supplier via Seller,Sales - Returns (SD-RET),"Complete the end-to-end returns and refunding process, with automated creation of all follow-up documents.",2026-02-27,https://help.sap.com/docs/SAP_S4HANA_ON-PREMISE?version=2022
5,https://education.hana.ondemand.com/education/pub/s4/index.html?show=project!PR_18D5815710C0D5A6,Shipping Specialist,Accepting Material,Accepting Material,Logistics - Shipping (LE-SHP),Quality engineer makes a usage decision: accepting the material.,2026-02-27,https://help.sap.com/docs/SAP_S4HANA_ON-PREMISE?version=2022
6,https://education.hana.ondemand.com/education/pub/s4/index.html?show=slide!SL_19E2B40E87AAAFA0,,Accounting and Financial Close,Accounting and Financial Close,Cross-Functional,The central task of general ledger accounting is to provide a comprehensive overview of external accounting and accounts. This process covers all the required steps relating to local period-end closing.,2026-02-27,https://help.sap.com/docs/SAP_S4HANA_ON-PREMISE?version=2022
7,https://education.hana.ondemand.com/education/pub/s4/index.html?show=slide!SL_44468728EB51AB92,General Ledger Accountant,Accounting and Financial Close,Accounting and Financial Close - Advanced Valuations,Finance - General Ledger (FI-GL),"Learn how to perform advanced valuations like posting discount of long-term assets and liabilities, performing advanced foreign currency valuations, posting credit-risk-based impairments, and posting balance sheet reclassifications.",2026-02-27,https://help.sap.com/docs/SAP_S4HANA_ON-PREMISE?version=2022
8,https://education.hana.ondemand.com/education/pub/s4/index.html?show=slide!SL_447F923C941A0F90,"General Ledger Accountant ,General Ledger Accountant, Business Process Specialist,Administrator",Accounting and Financial Close,Accounting and Financial Close - Daily Operations - Part 1,Finance - General Ledger (FI-GL),"Learn how to perform daily operations like posting, uploading, verifying, editing, and approving journal entries; as well as how to reverse journal entries and display line item entries.",2026-02-27,https://help.sap.com/docs/SAP_S4HANA_ON-PREMISE?version=2022
9,https://education.hana.ondemand.com/education/pub/s4/index.html?show=slide!SL_EF0476F41B06ABAB,"General Ledger Accountant,General Ledger Accountant",Accounting and Financial Close,Accounting and Financial Close - Daily Operations - Part 2,Finance - General Ledger (FI-GL),"Learn how to perform daily operations like creating, displaying, copying, and editing recurring journal entries; as well as how to view audit journals and clear general ledger accounts.",2026-02-27,https://help.sap.com/docs/SAP_S4HANA_ON-PREMISE?version=2022
10,https://education.hana.ondemand.com/education/pub/s4/index.html?show=slide!SL_7365EDC3A488A6A2,"General Ledger Accountant ,General Ledger Accountant",Accounting and Financial Close,Accounting and Financial Close - Group Ledger IFRS,Finance - General Ledger (FI-GL),"General Ledger Accounting provides a comprehensive overview of external accounting and accounts, and it supports parallel accounting. General Ledger Accounting serves as a complete record of all business transactions, providing a centralized, up-to-date reference for the rendering of accounts. Actual individual transactions can be checked at any time in real-time processing by displaying the original documents, line items, and transaction figures at various levels to support parallel accounting.",2026-02-27,https://help.sap.com/docs/SAP_S4HANA_ON-PREMISE?version=2022
11,https://education.hana.ondemand.com/education/pub/s4/index.html?show=slide!SL_B4F8F233811A518E,"Configuration Expert - Business Process Configuration, General Ledger Accountant,Configuration Expert -  Business Process Configuration,General Ledger Accountant,Divisional Accountant",Accounting and Financial Close,Accounting and Financial Close - Master Data,Finance - General Ledger (FI-GL),"Learn how to manage all your master data including financial statement versions, your chart of accounts, profit centers, and your journal entry template.",2026-02-27,https://help.sap.com/docs/SAP_S4HANA_ON-PREMISE?version=2022
12,https://education.hana.ondemand.com/education/pub/s4/index.html?show=slide!SL_42E076F6C29B4A82,"General Ledger Accountant,General Ledger Accountant for USA",Accounting and Financial Close,Accounting and Financial Close - Period End Operations - Part 1,Finance - General Ledger (FI-GL),"Learn how to perform period end operations like working with foreign currency and exchange rates, managing posting periods, tax tables, batch input plans, and displaying financial statements.",2026-02-27,https://help.sap.com/docs/SAP_S4HANA_ON-PREMISE?version=2022
13,https://education.hana.ondemand.com/education/pub/s4/index.html?show=slide!SL_11E0E88157FF33BF,"General Ledger Accountant ,General Ledger Accountant,Configuration Expert - Business Process Configuration, General Ledger Accountant",Accounting and Financial Close,Accounting and Financial Close - Period End Operations - Part 2,Finance - General Ledger (FI-GL),"Learn how to perform period end operations like printing financial statements, performing a trial balance, displaying a statement of general ledger changes, viewing the balance status; and analyzing or calculating credit loss and risk.",2026-02-27,https://help.sap.com/docs/SAP_S4HANA_ON-PREMISE?version=2022
14,https://education.hana.ondemand.com/education/pub/s4/index.html?show=slide!SL_7E994118155796A5,"Accounts Payable Accountant ,Cash Management Specialist ,Accounts Payable Manager",Accounts Payable,Accounts Payable,Finance - Accounts Payable (FI-AP),Manage your open payable invoices that are automatically created from purchasing processes.,2026-02-27,https://help.sap.com/docs/SAP_S4HANA_ON-PREMISE?version=2022
15,https://education.hana.ondemand.com/education/pub/s4/index.html?show=slide!SL_9F40077DA609FB1,"Master Data Specialist - Business Partner Data,Accounts Receivable Accountant,Accounts Receivable Manager",Accounts Receivable,Accounts Receivable,Finance - Accounts Receivable (FI-AR),Manage the invoices created automatically by your sales processes. (Open receivables.),2026-02-27,https://help.sap.com/docs/SAP_S4HANA_ON-PREMISE?version=2022
16,https://education.hana.ondemand.com/education/pub/s4/index.html?show=project!PR_73E49D9101AE68AB,End User,Activation of SAP Best Practices with Solution Builder,Activation of SAP Best Practices with Solution Builder,General,"Import reference content, create a customer solution, and activate it automatically.",2026-02-27,https://help.sap.com/docs/SAP_S4HANA_ON-PREMISE?version=2022
17,https://education.hana.ondemand.com/education/pub/s4/index.html?show=project!PR_58ABEDF27CD64483,Shipping Specialist,Adding Delivery Items to Pallets,Adding Delivery Items to Pallets,Logistics - Shipping (LE-SHP),Add pallets to the delivery document.,2026-02-27,https://help.sap.com/docs/SAP_S4HANA_ON-PREMISE?version=2022
18,https://education.hana.ondemand.com/education/pub/s4/index.html?show=project!PR_E3660BFCCDCB578F,Shipping Specialist,Adding Freight Costs,Adding Freight Costs,Logistics - Shipping (LE-SHP),Add freight costs to a delivery.,2026-02-27,https://help.sap.com/docs/SAP_S4HANA_ON-PREMISE?version=2022
19,https://education.hana.ondemand.com/education/pub/s4/index.html?show=project!PR_1546EE97BC6A4B84,Production Supervisor - Repetitive Manufacturing,Adjusting Planning in a Planning Table,Adjusting Planning in a Planning Table,Production (PP),Plan the production of materials on production lines.,2026-02-27,https://help.sap.com/docs/SAP_S4HANA_ON-PREMISE?version=2022
20,https://education.hana.ondemand.com/education/pub/s4/index.html?show=slide!SL_7BA764AE0CC66990,"Order Fulfillment Manager ,Order Fulfillment Specialist ,Order Fulfillment Manager,Internal Sales Representative",Advanced Available-to-Promise Processing,Advanced Available-to-Promise Processing,Sales (SD),Use Advanced Available-to-Promise (aATP) for individual material-plant combinations and for sales orders created in the Sell from Stock scenario.,2026-02-27,https://help.sap.com/docs/SAP_S4HANA_ON-PREMISE?version=2022
21,https://education.hana.ondemand.com/education/pub/s4/index.html?show=slide!SL_4855C6ADF5D06AA6,"Accounts Payable Accountant,Cash Manager,Cash Management Specialist,Configuration Expert - Business Process Configuration",Advanced Cash Operations,Advanced Cash Operations,Finance - Accounts Payable (FI-AP),View actual cash positions and short-term cash forecasts. View details on line items and detailed transactions. Make bank transfers and track the status.,2026-02-27,https://help.sap.com/docs/SAP_S4HANA_ON-PREMISE?version=2022
22,https://education.hana.ondemand.com/education/pub/s4/index.html?show=slide!SL_4335B3A8D71866A4,"Credit Controller ,Credit Controller",Advanced Credit Management,Advanced Credit Management,Controlling (CO),Manage and calculate credit limits for customers automatically based on formulas.,2026-02-27,https://help.sap.com/docs/SAP_S4HANA_ON-PREMISE?version=2022
23,https://education.hana.ondemand.com/education/pub/s4/index.html?show=project!PR_6A59FEDA6F609DBF,Shipping Specialist,Advanced Picking and Posting Goods Issues,Advanced Picking and Posting Goods Issues,Logistics - Shipping (LE-SHP),Create pick and post a goods issue in advance for supply chain.,2026-02-27,https://help.sap.com/docs/SAP_S4HANA_ON-PREMISE?version=2022
24,https://education.hana.ondemand.com/education/pub/s4/index.html?show=project!PR_BC09D7B2432D52B2,Shipping Specialist,Advanced Picking and Posting Goods Issues (BMK),Advanced Picking and Posting Goods Issues (BMK),Logistics - Shipping (LE-SHP),Complete Pick and post a goods issue in a supply chain in advance.,2026-02-27,https://help.sap.com/docs/SAP_S4HANA_ON-PREMISE?version=2022
25,https://education.hana.ondemand.com/education/pub/s4/index.html?show=project!PR_84F05B9F70A142B1,Cash Manager,Analyzing Cash Flows,Analyzing Cash Flows,General,"View the aggregated amounts and line item details of cash positions, medium and long-term liquidity forecasts, and actual cash flows.",2026-02-27,https://help.sap.com/docs/SAP_S4HANA_ON-PREMISE?version=2022
26,https://education.hana.ondemand.com/education/pub/s4/index.html?show=project!PR_C3BB11B0C5010E92,Cost Accountant - Production,Analyzing Costs by Work Center/Operation,Analyzing Costs by Work Center/Operation,Finance - General Ledger (FI-GL),View planned and actual debit lists in table and chart form.,2026-02-27,https://help.sap.com/docs/SAP_S4HANA_ON-PREMISE?version=2022
27,https://education.hana.ondemand.com/education/pub/s4/index.html?show=project!PR_F04676376D91BF8F,General Ledger Accountant,Analyzing Credit Loss Allowances,Analyzing Credit Loss Allowances,Finance - General Ledger (FI-GL),"Analyze the reconciliation of the loss allowance for receivables. A table shows the changes during the period, using a simplified Expected Credit Loss model.",2026-02-27,https://help.sap.com/docs/SAP_S4HANA_ON-PREMISE?version=2022
28,https://education.hana.ondemand.com/education/pub/s4/index.html?show=project!PR_D0E128E8B9B988AB,Inventory Manager,Analyzing Dead Stock,Analyzing Dead Stock,Inventory Management (MM-IM),Display materials that have not been consumed or posted in a specified number of days.,2026-02-27,https://help.sap.com/docs/SAP_S4HANA_ON-PREMISE?version=2022
29,https://education.hana.ondemand.com/education/pub/s4/index.html?show=project!PR_2CB392EBD482F098,Sales Manager,Analyzing Incoming Sales Orders,Analyzing Incoming Sales Orders,Sales (SD),The purpose is to gain an understanding of the monthly rolling trend of incoming sales orders.,2026-02-27,https://help.sap.com/docs/SAP_S4HANA_ON-PREMISE?version=2022
30,https://education.hana.ondemand.com/education/pub/s4/index.html?show=project!PR_B6B1D803169D6EA3,Cost Accountant - Production,Analyzing Order Actuals,Analyzing Order Actuals,Finance - General Ledger (FI-GL),View a service order and analyze the order actuals.,2026-02-27,https://help.sap.com/docs/SAP_S4HANA_ON-PREMISE?version=2022
31,https://education.hana.ondemand.com/education/pub/s4/index.html?show=project!PR_1436613A7C4ABA96,Inventory Manager,Analyzing Physical Inventory,Analyzing Physical Inventory,Inventory Management (MM-IM),Carry out physical inventory analysis.,2026-02-27,https://help.sap.com/docs/SAP_S4HANA_ON-PREMISE?version=2022
32,https://education.hana.ondemand.com/education/pub/s4/index.html?show=project!PR_8E704ED3706C908F,Cost Accountant - Sales,Analyzing Realignment Results,Analyzing Realignment Results,Finance - General Ledger (FI-GL),Run the Display Realignments Profitability Realignment report to view the monetary amount of all realignments as well as all related journal entry items.,2026-02-27,https://help.sap.com/docs/SAP_S4HANA_ON-PREMISE?version=2022
33,https://education.hana.ondemand.com/education/pub/s4/index.html?show=project!PR_F7BD668B5D07D883,Cost Accountant - Production,Analyzing Variances,Analyzing Variances,Finance - General Ledger (FI-GL),Analyze variances in production orders.,2026-02-27,https://help.sap.com/docs/SAP_S4HANA_ON-PREMISE?version=2022
34,https://education.hana.ondemand.com/education/pub/s4/index.html?show=project!PR_3D114E533BB3809A,Credit Controller,Approving Credit Limit Requests,Approving Credit Limit Requests,Controlling (CO),Process and approve a credit limit request.,2026-02-27,https://help.sap.com/docs/SAP_S4HANA_ON-PREMISE?version=2022
35,https://education.hana.ondemand.com/education/pub/s4/index.html?show=project!PR_96CEADCB69BE7B6,Sales Manager,Approving Credit Memo Requests (BKL),Approving Credit Memo Requests (BKL),Sales (SD),Review a sales quotation as release it as approved.,2026-02-27,https://help.sap.com/docs/SAP_S4HANA_ON-PREMISE?version=2022
36,https://education.hana.ondemand.com/education/pub/s4/index.html?show=project!PR_2257B2ADD82EAAA4,Employee,Approving Legal Transactions,Approving Legal Transactions,Human Capital Management (HCM),Approve legal transactions in the business workflow.,2026-02-27,https://help.sap.com/docs/SAP_S4HANA_ON-PREMISE?version=2022
37,https://education.hana.ondemand.com/education/pub/s4/index.html?show=project!PR_5FDCB61D1D4D1680,Purchasing Manager,Approving Purchase Orders,Approving Purchase Orders,General,Review a purchase order and approve it in procurement of services.,2026-02-27,https://help.sap.com/docs/SAP_S4HANA_ON-PREMISE?version=2022
38,https://education.hana.ondemand.com/education/pub/s4/index.html?show=project!PR_3BE93B204D0CF8C,Purchasing Manager,Approving Purchase Orders (BNX),Approving Purchase Orders (BNX),General,Approve a purchase order and decide which POs need approval.,2026-02-27,https://help.sap.com/docs/SAP_S4HANA_ON-PREMISE?version=2022
39,https://education.hana.ondemand.com/education/pub/s4/index.html?show=project!PR_FA19E56FD632D82,Purchasing Manager,Approving Purchase Orders (J45),Approving Purchase Orders (J45),General,Approve or release a purchase order.,2026-02-27,https://help.sap.com/docs/SAP_S4HANA_ON-PREMISE?version=2022
40,https://education.hana.ondemand.com/education/pub/s4/index.html?show=project!PR_7B3CA0D38B1222BF,Manager,Approving Purchase Requisitions,Approving Purchase Requisitions,General,Release purchase requisitions.,2026-02-27,https://help.sap.com/docs/SAP_S4HANA_ON-PREMISE?version=2022
41,https://education.hana.ondemand.com/education/pub/s4/index.html?show=project!PR_3D07F4FBC175BEB4,Project Manager - Commercial Services,Approving Service Entry Sheets,Approving Service Entry Sheets,General,Review a service entry sheet and approve it in procurement of services.,2026-02-27,https://help.sap.com/docs/SAP_S4HANA_ON-PREMISE?version=2022
42,https://education.hana.ondemand.com/education/pub/s4/index.html?show=project!PR_C78E2C2B95E12B83,Administrator,Approving Verified General Journal Entries,Approving Verified General Journal Entries - For Processor (Inbox) (J58),Configuration / Basis,You receive general ledger account documents that need to be approved before final posting. Approve the general journal entries you received.,2026-02-27,https://help.sap.com/docs/SAP_S4HANA_ON-PREMISE?version=2022
43,https://education.hana.ondemand.com/education/pub/s4/index.html?show=slide!SL_4B9B2C0C3CC5D2AC,"Asset Accountant,Purchaser,Warehouse Clerk,Accounts Payable Accountant",Asset Accounting,Asset Accounting,Finance - Asset Accounting (FI-AA),Manage and document fixed asset transactions in detail.,2026-02-27,https://help.sap.com/docs/SAP_S4HANA_ON-PREMISE?version=2022
44,https://education.hana.ondemand.com/education/pub/s4/index.html?show=slide!SL_1A36465E999D88A7,Asset Accountant,Asset Accounting- Group Ledger IFRS,Asset Accounting- Group Ledger IFRS,Finance - Asset Accounting (FI-AA),"Asset Accounting is a subsidiary ledger of the general ledger and is used to manage, document and update fixed asset transactions in detail.",2026-02-27,https://help.sap.com/docs/SAP_S4HANA_ON-PREMISE?version=2022
45,https://education.hana.ondemand.com/education/pub/s4/index.html?show=slide!SL_93B32DC371CDFB9E,"Asset Accountant,Asset Accountant",Asset Under Construction,Asset Under Construction,Finance - Asset Accounting (FI-AA),Acquire assets for constructed assets and monitor them until the construction is finished.,2026-02-27,https://help.sap.com/docs/SAP_S4HANA_ON-PREMISE?version=2022
46,https://education.hana.ondemand.com/education/pub/s4/index.html?show=slide!SL_F35DF89D4B5A90B7,Asset Accountant,Asset Under Construction,Asset Under Construction - Group Ledger IFRS,Finance - Asset Accounting (FI-AA),Learn about Assets under Construction (AuC). Assign actual postings to the AuC and transfer the completed asset to the final fixed asset.,2026-02-27,https://help.sap.com/docs/SAP_S4HANA_ON-PREMISE?version=2022
47,https://education.hana.ondemand.com/education/pub/s4/index.html?show=project!PR_1E0D3208CC320DAA,Credit Controller,Assigning Credit Cases,Assigning Credit Cases,Controlling (CO),Review a sales order. Assign a credit analyst and person responsible for cases.,2026-02-27,https://help.sap.com/docs/SAP_S4HANA_ON-PREMISE?version=2022
48,https://education.hana.ondemand.com/education/pub/s4/index.html?show=project!PR_BC7212FCC274F8A4,Credit Controller,Assigning Credit Cases (1QM),Assigning Credit Cases (1QM),Controlling (CO),Review blocked sales orders and assign a credit analyst or a person responsible to a credit case.,2026-02-27,https://help.sap.com/docs/SAP_S4HANA_ON-PREMISE?version=2022
49,https://education.hana.ondemand.com/education/pub/s4/index.html?show=project!PR_8F583C552E8403A5,Design Engineer,Assigning Object Link Metadata,Assigning Object Link Metadata,General,Assign the document to a business object.,2026-02-27,https://help.sap.com/docs/SAP_S4HANA_ON-PREMISE?version=2022
50,https://education.hana.ondemand.com/education/pub/s4/index.html?show=project!PR_8BDD69D690F420B1,Cash Specialist,Automating Reprocessing Rules,Automating Reprocessing Rules,General,Automate reprocessing rules to run in the background and process your bank statement items automatically.,2026-02-27,https://help.sap.com/docs/SAP_S4HANA_ON-PREMISE?version=2022
51,https://education.hana.ondemand.com/education/pub/s4/index.html?show=slide!SL_B677EA59421A0EAF,Cash Management Specialist,Bank Integration with File Interface,Bank Integration with File Interface,Treasury (TR),Download payment files for outgoing payments generated by SAP S/4HANA. Upload the files for payment processing.,2026-02-27,https://help.sap.com/docs/SAP_S4HANA_ON-PREMISE?version=2022
52,https://education.hana.ondemand.com/education/pub/s4/index.html?show=slide!SL_312C5A2BF36B9BB8,"Cash Management Specialist,Cash Management Specialist ,Configuration Expert - Business Process Configuration, Bank Integration Specialist",Bank Integration with SAP Multi-Bank Connectivity,Bank Integration with SAP Multi-Bank Connectivity,Configuration / Basis,"Connect to your banks to send payment instructions, receive status notifications, and receive bank statements.",2026-02-27,https://help.sap.com/docs/SAP_S4HANA_ON-PREMISE?version=2022
53,https://education.hana.ondemand.com/education/pub/s4/index.html?show=slide!SL_7C7025E986DFD382,Internal Sales Representative,Basic Available-to-Promise Processing,Basic Available-to-Promise Processing,Sales (SD),Schedule and monitor a backorder processing (BOP) run.,2026-02-27,https://help.sap.com/docs/SAP_S4HANA_ON-PREMISE?version=2022
54,https://education.hana.ondemand.com/education/pub/s4/index.html?show=slide!SL_1D91888BC2A1FA86,"Cash Management Specialist,Configuration Expert - Business Process Configuration,Administrator, Cash Management Specialist,Accounts Payable Accountant",Basic Bank Account Management,Basic Bank Account Management,Finance - Accounts Payable (FI-AP),Manage bank account master data with basic cash management and direct revision activate.,2026-02-27,https://help.sap.com/docs/SAP_S4HANA_ON-PREMISE?version=2022
55,https://education.hana.ondemand.com/education/pub/s4/index.html?show=slide!SL_1445BD15F9201F83,Cash Management Specialist,Basic Cash Operations,Basic Cash Operations,Treasury (TR),Manage bank statements and perform bank account reconciliation.,2026-02-27,https://help.sap.com/docs/SAP_S4HANA_ON-PREMISE?version=2022
56,https://education.hana.ondemand.com/education/pub/s4/index.html?show=project!PR_DE274BCE452E94A1,Quality Technician,Batch Information Cockpit,Batch Information Cockpit - Changing Batch Selection,Quality Management (QM),Change batch selection in the Batch Information Cockpit,2026-02-27,https://help.sap.com/docs/SAP_S4HANA_ON-PREMISE?version=2022
57,https://education.hana.ondemand.com/education/pub/s4/index.html?show=project!PR_887C669D5EF92D8C,Quality Technician,Batch Information Cockpit,Batch Information Cockpit - Selecting a Batch,Quality Management (QM),Select a batch in the Batch Information Cockpit,2026-02-27,https://help.sap.com/docs/SAP_S4HANA_ON-PREMISE?version=2022
58,https://education.hana.ondemand.com/education/pub/s4/index.html?show=project!PR_8ECE27CD72F1ACAC,Quality Technician,Batch Information Cockpit: Top-Down and Bottom-Up Analysis,Batch Information Cockpit: Top-Down and Bottom-Up Analysis,Quality Management (QM),Perform top-down and bottom-up analysis in the Batch Information Cockpit,2026-02-27,https://help.sap.com/docs/SAP_S4HANA_ON-PREMISE?version=2022
59,https://education.hana.ondemand.com/education/pub/s4/index.html?show=slide!SL_8DD166A43F071089,Quality Technician,Batch Management,Batch Management,Quality Management (QM),"Batch Management incorporates the entire logistics process, from procurement to sales. It is closely linked with classification, but can also be used without classification. It is defined as tagging a produced or procured material with a unique 10 digit alphanumeric code.",2026-02-27,https://help.sap.com/docs/SAP_S4HANA_ON-PREMISE?version=2022
60,https://education.hana.ondemand.com/education/pub/s4/index.html?show=project!PR_50C8D45C1C6FBF8B,Billing Clerk,Billing Customers,Billing Customers,Sales - Billing (SD-BIL),Generate an invoice and view the generated document.,2026-02-27,https://help.sap.com/docs/SAP_S4HANA_ON-PREMISE?version=2022
61,https://education.hana.ondemand.com/education/pub/s4/index.html?show=project!PR_9D9A61C67B02BAAB,General Ledger Accountant,Calculating Credit Risk Based Impairments,Calculating Credit Risk Based Impairments,Finance - General Ledger (FI-GL),Expected credit loss models are calculated using a provision matrix. Periodically perform a valuation run to calculate the bad debt expense posting for overdue items.,2026-02-27,https://help.sap.com/docs/SAP_S4HANA_ON-PREMISE?version=2022
62,https://education.hana.ondemand.com/education/pub/s4/index.html?show=project!PR_FCADBC35317CF1AF,Cost Accountant - Production,"Calculating Production, Process Orders, and Product Cost Collector Variances","Calculating Production, Process Orders, and Product Cost Collector Variances",Finance - General Ledger (FI-GL),"Calculate production, process orders, and product cost collector variances.",2026-02-27,https://help.sap.com/docs/SAP_S4HANA_ON-PREMISE?version=2022
63,https://education.hana.ondemand.com/education/pub/s4/index.html?show=project!PR_B0D553B358EA5599,Cost Accountant - Production,Calculating Work in Process,Calculating Work in Process,Finance - General Ledger (FI-GL),Calculate the work in process for partially delivered production orders or for fully delivered production orders.,2026-02-27,https://help.sap.com/docs/SAP_S4HANA_ON-PREMISE?version=2022
64,https://education.hana.ondemand.com/education/pub/s4/index.html?show=slide!SL_EC16C845F83C02BD,Accounts Receivable Accountant,Cash Application Integration,Cash Application Integration,Finance - Accounts Receivable (FI-AR),Improve the cash application process by automating the labor-intense process of clearing incoming bank payments with corresponding receivable invoices.,2026-02-27,https://help.sap.com/docs/SAP_S4HANA_ON-PREMISE?version=2022
65,https://education.hana.ondemand.com/education/pub/s4/index.html?show=slide!SL_995CD19DDD85D199,Employee - Procurement,Central Processing of Purchasing Requisitions,Central Processing of Purchasing Requisitions,Procurement (MM-PUR),"Create a purchase requisition, create a confirmation for a purchase requisition, create a return delivery.",2026-02-27,https://help.sap.com/docs/SAP_S4HANA_ON-PREMISE?version=2022
66,https://education.hana.ondemand.com/education/pub/s4/index.html?show=project!PR_6311AF37A7EB6892,BOM Engineer,Changing a BOM Using a Change Master,Changing a BOM Using a Change Master,Production (PP),Change a bill of material by using a change master and view the amended BOM.,2026-02-27,https://help.sap.com/docs/SAP_S4HANA_ON-PREMISE?version=2022
67,https://education.hana.ondemand.com/education/pub/s4/index.html?show=project!PR_E19F7B00B1C4D699,General Ledger Accountant,Changing Actual General Ledger Distribution Cycles,Changing Actual General Ledger Distribution Cycles,Finance - General Ledger (FI-GL),Change header data and segment data of the actual general ledger distribution cycles.,2026-02-27,https://help.sap.com/docs/SAP_S4HANA_ON-PREMISE?version=2022
68,https://education.hana.ondemand.com/education/pub/s4/index.html?show=project!PR_9D5167168C03448A,Accounts Payable Accountant,Changing Bank Chains,Changing Bank Chains,Finance - Accounts Payable (FI-AP),Make updates to a bank chain.,2026-02-27,https://help.sap.com/docs/SAP_S4HANA_ON-PREMISE?version=2022
69,https://education.hana.ondemand.com/education/pub/s4/index.html?show=project!PR_FBC242BB8414C890,Inventory Accountant,Changing Material Costs,Changing Material Costs,Finance - General Ledger (FI-GL),Update the prices of single materials with immediate effect.,2026-02-27,https://help.sap.com/docs/SAP_S4HANA_ON-PREMISE?version=2022
70,https://education.hana.ondemand.com/education/pub/s4/index.html?show=project!PR_DB9E45BF81862BAE,BOM Engineer - Customer Order,Changing Order BOM for Sales Orders,Changing Order BOM for Sales Orders,Production (PP),Create a BOM for a sales order and maintain the BOM according to the customer's requirement.,2026-02-27,https://help.sap.com/docs/SAP_S4HANA_ON-PREMISE?version=2022
71,https://education.hana.ondemand.com/education/pub/s4/index.html?show=project!PR_3C4956ECB86E6B82,Purchaser,Changing Purchase Orders (BNX),Changing Purchase Orders (BNX),Procurement (MM-PUR),Change the details of an existing purchase order.,2026-02-27,https://help.sap.com/docs/SAP_S4HANA_ON-PREMISE?version=2022
72,https://education.hana.ondemand.com/education/pub/s4/index.html?show=project!PR_B1183E43D441D38F,Returns and Refund Clerk,Changing Return Orders,Changing Return Orders,Sales - Returns (SD-RET),"Reject a return order, refund a customer, and return material for inspection.",2026-02-27,https://help.sap.com/docs/SAP_S4HANA_ON-PREMISE?version=2022
73,https://education.hana.ondemand.com/education/pub/s4/index.html?show=project!PR_E8663FE847EF4D90,Internal Sales Representative,Changing Sales Inquiries,Changing Sales Inquiries,Sales (SD),Update a sales inquiry.,2026-02-27,https://help.sap.com/docs/SAP_S4HANA_ON-PREMISE?version=2022
74,https://education.hana.ondemand.com/education/pub/s4/index.html?show=project!PR_C9F96AD5F354EA80,Internal Sales Representative,Changing Sales Quotations,Changing Sales Quotations,Sales (SD),Update a sales quotation.,2026-02-27,https://help.sap.com/docs/SAP_S4HANA_ON-PREMISE?version=2022
75,https://education.hana.ondemand.com/education/pub/s4/index.html?show=project!PR_B71F9BB84291F182,Quality Technician,Changing Storage Locations for Quality Stock,Changing Storage Locations for Quality Stock,Quality Management (QM),Change the storage location for quality stock with reference to the inspection lot.,2026-02-27,https://help.sap.com/docs/SAP_S4HANA_ON-PREMISE?version=2022
76,https://education.hana.ondemand.com/education/pub/s4/index.html?show=project!PR_DF98779C784DD797,Accounts Payable and Receivable Accountant (FI-CA),Checking Account Balances,Checking Account Balances,Finance - Accounts Payable (FI-AP),Business partner's detailed account balance can be checked.,2026-02-27,https://help.sap.com/docs/SAP_S4HANA_ON-PREMISE?version=2022
77,https://education.hana.ondemand.com/education/pub/s4/index.html?show=project!PR_6E5C378BCB2F338A,Internal Sales Representative,Checking Availability for a Sales Order,Checking Availability for a Sales Order,Sales (SD),Check if the deletion of an Available-to-Promise (ATP) results log is possible. Schedule the deletion of an ATP results log.,2026-02-27,https://help.sap.com/docs/SAP_S4HANA_ON-PREMISE?version=2022
78,https://education.hana.ondemand.com/education/pub/s4/index.html?show=project!PR_BD0A1DDB805824A4,Accounts Payable Accountant,Checking Bank Chain Information in Business Partners,Checking Bank Chain Information in Business Partners,Finance - Accounts Payable (FI-AP),Check intermediary bank information in business partner accounts.,2026-02-27,https://help.sap.com/docs/SAP_S4HANA_ON-PREMISE?version=2022
79,https://education.hana.ondemand.com/education/pub/s4/index.html?show=project!PR_58EE06CDC6E01E80,Billing Clerk,Checking Business Volume,Checking Business Volume,Sales - Billing (SD-BIL),Check the business volume of a condition contract.,2026-02-27,https://help.sap.com/docs/SAP_S4HANA_ON-PREMISE?version=2022
80,https://education.hana.ondemand.com/education/pub/s4/index.html?show=project!PR_A8492C55689996BF,Cash Manager,Checking Cash Flow Items (Check Details),Checking Cash Flow Items (Check Details),General,Review the detailed information of payment documents.,2026-02-27,https://help.sap.com/docs/SAP_S4HANA_ON-PREMISE?version=2022
81,https://education.hana.ondemand.com/education/pub/s4/index.html?show=project!PR_EB25012FF3CD11B5,Warehouse Clerk,Checking Goods Receipts Details,Checking Goods Receipts Details,Warehouse Management (WM),Display the goods receipt fact sheet.,2026-02-27,https://help.sap.com/docs/SAP_S4HANA_ON-PREMISE?version=2022
82,https://education.hana.ondemand.com/education/pub/s4/index.html?show=project!PR_E1B00D18E82559A4,Purchaser,Checking Invoice Document,Checking Invoice Document,Procurement (MM-PUR),Complete checking Invoice document verification,2026-02-27,https://help.sap.com/docs/SAP_S4HANA_ON-PREMISE?version=2022
83,https://education.hana.ondemand.com/education/pub/s4/index.html?show=project!PR_63C7EBFA12FF6F96,Cash Manager,Checking of Notifications by Recipients,Checking of Notifications by Recipients,General,Check notifications as recipients assigned to team members for situation monitoring.,2026-02-27,https://help.sap.com/docs/SAP_S4HANA_ON-PREMISE?version=2022
84,https://education.hana.ondemand.com/education/pub/s4/index.html?show=project!PR_214B156EB9054497,Internal Sales Representative,Checking Payment Card Status and Reauthorizing Sales Orders,Checking Payment Card Status and Reauthorizing Sales Orders,Sales (SD),Check the payment card status of a sales order and reauthorize a sales order.,2026-02-27,https://help.sap.com/docs/SAP_S4HANA_ON-PREMISE?version=2022
85,https://education.hana.ondemand.com/education/pub/s4/index.html?show=project!PR_B8D619853BDF3B82,Employee - Procurement,Checking Purchase Requisitions,Checking Purchase Requisitions,Procurement (MM-PUR),Check and edit your purchase requisitions.,2026-02-27,https://help.sap.com/docs/SAP_S4HANA_ON-PREMISE?version=2022
86,https://education.hana.ondemand.com/education/pub/s4/index.html?show=project!PR_7EF30EE5041A55A3,General Ledger Accountant - Intercompany,Checking Reconciliation Balance Reports,Checking Reconciliation Balance Reports,Finance - General Ledger (FI-GL),Check reconciliation balance reports.,2026-02-27,https://help.sap.com/docs/SAP_S4HANA_ON-PREMISE?version=2022
87,https://education.hana.ondemand.com/education/pub/s4/index.html?show=project!PR_C2CFB48377677AB9,General Ledger Accountant - Intercompany,Checking Reconciliation Status Overviews,Checking Reconciliation Status Overviews,Finance - General Ledger (FI-GL),"Once you have configured your reconciliation status overview solution (you can configure your own or use SAP Central Business Configuration), you can start checking the reconciliation status overviews for companies.",2026-02-27,https://help.sap.com/docs/SAP_S4HANA_ON-PREMISE?version=2022
88,https://education.hana.ondemand.com/education/pub/s4/index.html?show=project!PR_AC8F4532EB16DEA9,Internal Sales Representative,Checking Sales Orders with One-time Payment Cards,Checking Sales Orders with One-time Payment Cards,Sales (SD),Check the credit card data in sales orders with one-time payment cards.,2026-02-27,https://help.sap.com/docs/SAP_S4HANA_ON-PREMISE?version=2022
89,https://education.hana.ondemand.com/education/pub/s4/index.html?show=project!PR_F71F6E008EC60EB9,Internal Sales Representative,Checking Sales Orders with Payment Cards,Checking Sales Orders with Payment Cards,Sales (SD),Check the details of payment cards that are used on sales orders.,2026-02-27,https://help.sap.com/docs/SAP_S4HANA_ON-PREMISE?version=2022
90,https://education.hana.ondemand.com/education/pub/s4/index.html?show=project!PR_6A048F5C70FF278E,Production Operator - Discrete Manufacturing,Checking Serial Numbers in a Production Order,Checking Serial Numbers in a Production Order,Production (PP),View the list of generated serial numbers for a released production order.,2026-02-27,https://help.sap.com/docs/SAP_S4HANA_ON-PREMISE?version=2022
91,https://education.hana.ondemand.com/education/pub/s4/index.html?show=project!PR_D8102F6EC34286BC,Accounts Payable Accountant,Checking Supplier Invoice Lists,Checking Supplier Invoice Lists,Finance - Accounts Payable (FI-AP),Check the supplier invoice list and the supplier invoice details.All supplier invoices are displayed.,2026-02-27,https://help.sap.com/docs/SAP_S4HANA_ON-PREMISE?version=2022
92,https://education.hana.ondemand.com/education/pub/s4/index.html?show=project!PR_50E7E0B5F5460084,Internal Sales Representative,Checking the Billing Block Status (BKL),Checking the Billing Block Status (BKL),Sales (SD),Review the billing block status of a credit memo request.,2026-02-27,https://help.sap.com/docs/SAP_S4HANA_ON-PREMISE?version=2022
93,https://education.hana.ondemand.com/education/pub/s4/index.html?show=project!PR_25629F2160353A83,Production Planner,Checking the Range of Stock Coverage,Checking the Range of Stock Coverage,Production (PP),Check the coverage of material impacted by material planning.,2026-02-27,https://help.sap.com/docs/SAP_S4HANA_ON-PREMISE?version=2022
94,https://education.hana.ondemand.com/education/pub/s4/index.html?show=project!PR_9C757479F868F9A4,General Ledger Accountant,Clearing G/L Accounts,Clearing G/L Accounts,Finance - General Ledger (FI-GL),Post a credit and debit position to a general ledger account. Clear journal entries from the general ledger account.,2026-02-27,https://help.sap.com/docs/SAP_S4HANA_ON-PREMISE?version=2022
95,https://education.hana.ondemand.com/education/pub/s4/index.html?show=project!PR_CFA8EC8A562E55BE,General Ledger Accountant,Clearing G/L Accounts,Clearing G/L Accounts - Manually (1GA),Finance - General Ledger (FI-GL),Manually clear open ledger-specific items.,2026-02-27,https://help.sap.com/docs/SAP_S4HANA_ON-PREMISE?version=2022
96,https://education.hana.ondemand.com/education/pub/s4/index.html?show=project!PR_BC12AA4C11E613A2,General Ledger Accountant,Clearing G/L Accounts,Clearing G/L Accounts - Manually (J58),Finance - General Ledger (FI-GL),Post general journal entries. Post with clearing open items for an account.,2026-02-27,https://help.sap.com/docs/SAP_S4HANA_ON-PREMISE?version=2022
97,https://education.hana.ondemand.com/education/pub/s4/index.html?show=project!PR_A39C0BB312FF4597,General Ledger Accountant,Clearing Open Items Automatically,Clearing Open Items Automatically,Finance - General Ledger (FI-GL),Automatically clear open items.,2026-02-27,https://help.sap.com/docs/SAP_S4HANA_ON-PREMISE?version=2022
98,https://education.hana.ondemand.com/education/pub/s4/index.html?show=project!PR_2186A8C5CD65289C,General Ledger Accountant,Clearing Open Items Automatically for the Ledger Group,Clearing Open Items Automatically for the Ledger Group,Finance - General Ledger (FI-GL),Clear open ledger-specific items automatically.,2026-02-27,https://help.sap.com/docs/SAP_S4HANA_ON-PREMISE?version=2022
99,https://education.hana.ondemand.com/education/pub/s4/index.html?show=project!PR_64549A5092AA5DBE,Cash Management Specialist,Closing Bank Accounts and Canceling Closing,Closing Bank Accounts and Canceling Closing,Treasury (TR),Close an obsolete bank account and cancel the closing process.,2026-02-27,https://help.sap.com/docs/SAP_S4HANA_ON-PREMISE?version=2022
100,https://education.hana.ondemand.com/education/pub/s4/index.html?show=project!PR_AEA656A6E1C05BA3,Cost Accountant - Overhead,Closing Completed Service Orders,Closing Completed Service Orders,Finance - General Ledger (FI-GL),Set the status of a completed service order to closed.,2026-02-27,https://help.sap.com/docs/SAP_S4HANA_ON-PREMISE?version=2022
101,https://education.hana.ondemand.com/education/pub/s4/index.html?show=slide!SL_8195DAE1CDBA5085,"Accounts Receivable Manager,Accounts Receivable Accountant",Collections and Dispute Management,Collections and Dispute Management,Finance - Accounts Receivable (FI-AR),"Process customer invoice disputes centrally, and protect customer relationships. Proactively manage and collect overdue receivables, identify bad debt risk potential, and take preventative steps to reduce further exposure.",2026-02-27,https://help.sap.com/docs/SAP_S4HANA_ON-PREMISE?version=2022
102,https://education.hana.ondemand.com/education/pub/s4/index.html?show=project!PR_98E1A56651EB8DA5,Purchaser,Comparing and Awarding Supplier Quotations,Comparing and Awarding Supplier Quotations,Procurement (MM-PUR),Compare supplier quotation and award the selected quotation.,2026-02-27,https://help.sap.com/docs/SAP_S4HANA_ON-PREMISE?version=2022
103,https://education.hana.ondemand.com/education/pub/s4/index.html?show=project!PR_6EA785F840179F92,Cost Accountant - Inventory,Comparing Valuation Alternatives (BEJ),Comparing Valuation Alternatives (BEJ),Finance - General Ledger (FI-GL),Generate reports that compare selected valuation methods.,2026-02-27,https://help.sap.com/docs/SAP_S4HANA_ON-PREMISE?version=2022
104,https://education.hana.ondemand.com/education/pub/s4/index.html?show=project!PR_D76EB6E6AE608893,Master Data Specialist - Business Partner Data,Completing Customer Master Data,Completing Customer Master Data,General,Manage specific information for the customer master record.,2026-02-27,https://help.sap.com/docs/SAP_S4HANA_ON-PREMISE?version=2022
105,https://education.hana.ondemand.com/education/pub/s4/index.html?show=project!PR_A4F6E67ADD230EAA,Accounts Receivable Accountant,Conducting Customer Contacts,Conducting Customer Contacts,Finance - Accounts Receivable (FI-AR),"Once you've prepared a customer contact, you can conduct customer contacts for open invoices.",2026-02-27,https://help.sap.com/docs/SAP_S4HANA_ON-PREMISE?version=2022
106,https://education.hana.ondemand.com/education/pub/s4/index.html?show=project!PR_784FD528EB049A86,Order Fulfillment Manager,Configuring Alternative Control,Configuring Alternative Control,General,Create an alternative control in which you can activate substitution strategy for a specific sales organization and customer.,2026-02-27,https://help.sap.com/docs/SAP_S4HANA_ON-PREMISE?version=2022
107,https://education.hana.ondemand.com/education/pub/s4/index.html?show=project!PR_16FB82682597E484,Consolidation Specialist,Configuring Consolidation Using Master Data Configuration with Fiori UI,Configuring Consolidation Using Master Data Configuration with Fiori UI,Finance - Consolidation (FI-LC),Configure consolidation using master data configuration.,2026-02-27,https://help.sap.com/docs/SAP_S4HANA_ON-PREMISE?version=2022
108,https://education.hana.ondemand.com/education/pub/s4/index.html?show=project!PR_7C00E9E2F5BD54A4,Consolidation Specialist,Configuring Consolidation Using Organization Structure Creation,Configuring Consolidation Using Organization Structure Creation,Finance - Consolidation (FI-LC),Configure consolidation using organization structure creation.,2026-02-27,https://help.sap.com/docs/SAP_S4HANA_ON-PREMISE?version=2022
109,https://education.hana.ondemand.com/education/pub/s4/index.html?show=project!PR_A328B2B72DA5BBA5,Configuration Expert - Business Process Configuration,Configuring Consolidation Using Self Service UI,Configuring Consolidation Using Self Service UI,Configuration / Basis,Learn about the various consolidation configuration options available from the self-service user interface (UI).,2026-02-27,https://help.sap.com/docs/SAP_S4HANA_ON-PREMISE?version=2022
110,https://education.hana.ondemand.com/education/pub/s4/index.html?show=project!PR_327E1159D8A7B494,Master Data Steward,Configuring Data Quality Scores,Configuring Data Quality Scores,Master Data Governance (MDG),Define new dimension categories and dimensions for the data.,2026-02-27,https://help.sap.com/docs/SAP_S4HANA_ON-PREMISE?version=2022
111,https://education.hana.ondemand.com/education/pub/s4/index.html?show=project!PR_8CBFD3BB28D89AAB,Order Fulfillment Manager,Configuring Order Fulfillment Responsibilities,Configuring Order Fulfillment Responsibilities,General,Complete configure the order fulfillment responsibilities.,2026-02-27,https://help.sap.com/docs/SAP_S4HANA_ON-PREMISE?version=2022
112,https://education.hana.ondemand.com/education/pub/s4/index.html?show=project!PR_532A913C84E567BA,Order Fulfillment Manager,Configuring Substitution Strategy,Configuring Substitution Strategy,General,Configure a substitution strategy in which you define a substitution method and a determination rule.,2026-02-27,https://help.sap.com/docs/SAP_S4HANA_ON-PREMISE?version=2022
113,https://education.hana.ondemand.com/education/pub/s4/index.html?show=project!PR_913CB77AAA8AE1A0,Production Operator - Discrete Manufacturing,Confirming Final Assembly,Confirming Final Assembly,Production (PP),Confirm production quantities and activity times for production order operations.,2026-02-27,https://help.sap.com/docs/SAP_S4HANA_ON-PREMISE?version=2022
114,https://education.hana.ondemand.com/education/pub/s4/index.html?show=project!PR_97C68111C6702DB5,Production Operator - Discrete Manufacturing,Confirming Production for Semi Finished Products,Confirming Production for Semi Finished Products,Production (PP),"Confirm a production operation, and specify the yield and activity time quantities.",2026-02-27,https://help.sap.com/docs/SAP_S4HANA_ON-PREMISE?version=2022
115,https://education.hana.ondemand.com/education/pub/s4/index.html?show=project!PR_C7BC093BE32E887,Production Operator - Discrete Manufacturing,Confirming Production Operations,Confirming Production Operations,Production (PP),Confirm production quantities and activity times for production order operations.,2026-02-27,https://help.sap.com/docs/SAP_S4HANA_ON-PREMISE?version=2022
116,https://education.hana.ondemand.com/education/pub/s4/index.html?show=project!PR_3B9BB61093D9859B,Production Operator - Repetitive Manufacturing,Confirming Repetitive Manufacturing,Confirming Repetitive Manufacturing,Production (PP),Confirm that component materials have been backflushed.,2026-02-27,https://help.sap.com/docs/SAP_S4HANA_ON-PREMISE?version=2022
117,https://education.hana.ondemand.com/education/pub/s4/index.html?show=project!PR_468F3A69F627D9B4,Production Operator - Discrete Manufacturing,Confirming Rework Production Activities,Confirming Rework Production Activities,Production (PP),Set quantities and post additional goods movements.,2026-02-27,https://help.sap.com/docs/SAP_S4HANA_ON-PREMISE?version=2022
118,https://education.hana.ondemand.com/education/pub/s4/index.html?show=project!PR_1AD227132B7280B4,Production Operator,Confirming Rework Required for Defective Material,Confirming Rework Required for Defective Material,Production (PP),Create a confirmation order to confirm the rework required for the defective material.,2026-02-27,https://help.sap.com/docs/SAP_S4HANA_ON-PREMISE?version=2022
119,https://education.hana.ondemand.com/education/pub/s4/index.html?show=project!PR_4BD3E88A066D5AA4,Employee - Procurement,Confirming the Receipt of Goods,Confirming the Receipt of Goods,Procurement (MM-PUR),Confirm the receipt of goods with reference to existing purchase requisitions.,2026-02-27,https://help.sap.com/docs/SAP_S4HANA_ON-PREMISE?version=2022
120,https://education.hana.ondemand.com/education/pub/s4/index.html?show=slide!SL_89FF684D9BC401A6,"Purchaser,Purchasing Manager,Warehouse Clerk,Accounts Payable Accountant",Consumable Purchasing,Consumable Purchasing,Finance - Accounts Payable (FI-AP),Create and approve purchase orders for consumables - both standard and limit items can be procured. Monitor the purchase order items by account assignment. Post goods receipts and supplier invoices.,2026-02-27,https://help.sap.com/docs/SAP_S4HANA_ON-PREMISE?version=2022
121,https://education.hana.ondemand.com/education/pub/s4/index.html?show=slide!SL_1FF674F674D6B59D,"Accounts Payable and Receivable Accountant (FI-CA),Administrator - Accounts Payable and Receivable (FI-CA)",Contract Accounting: Customer Initiated Payments,Contract Accounting: Customer Initiated Payments,Finance - Accounts Payable (FI-AP),Post an authorized credit card payment and manage the settlement process for the payment card.,2026-02-27,https://help.sap.com/docs/SAP_S4HANA_ON-PREMISE?version=2022
122,https://education.hana.ondemand.com/education/pub/s4/index.html?show=project!PR_258A9116D9CBB2A8,Purchaser,Converting Assigned Requisitions into Purchase Orders,Converting Assigned Requisitions into Purchase Orders,Procurement (MM-PUR),Perform this activity when you want to convert the assigned requisitions into purchase orders.,2026-02-27,https://help.sap.com/docs/SAP_S4HANA_ON-PREMISE?version=2022
123,https://education.hana.ondemand.com/education/pub/s4/index.html?show=project!PR_DDD9472717A274A1,Purchaser,Converting Assigned Requisitions to Purchase Orders,Converting Assigned Requisitions to Purchase Orders,Procurement (MM-PUR),Convert assigned requisitions into purchase orders.,2026-02-27,https://help.sap.com/docs/SAP_S4HANA_ON-PREMISE?version=2022
124,https://education.hana.ondemand.com/education/pub/s4/index.html?show=project!PR_5A934EE6065C76B9,Production Planner,Converting Planned Orders to Production Orders,Converting Planned Orders to Production Orders,Production (PP),Convert a planned order for a semi-finished product to a production order.,2026-02-27,https://help.sap.com/docs/SAP_S4HANA_ON-PREMISE?version=2022
125,https://education.hana.ondemand.com/education/pub/s4/index.html?show=project!PR_ADACC1127F522AAB,Purchaser,Converting Purchase Requisitions to Purchase Orders (18J),Converting Purchase Requisitions to Purchase Orders (18J),Procurement (MM-PUR),Convert purchase requisitions to purchase orders.,2026-02-27,https://help.sap.com/docs/SAP_S4HANA_ON-PREMISE?version=2022
126,https://education.hana.ondemand.com/education/pub/s4/index.html?show=project!PR_668609BD80FEC5B0,Purchaser,Converting Purchase Requisitions to Purchase Orders (J45),Converting Purchase Requisitions to Purchase Orders (J45),Procurement (MM-PUR),Convert a purchase requisition to a purchase order.,2026-02-27,https://help.sap.com/docs/SAP_S4HANA_ON-PREMISE?version=2022
127,https://education.hana.ondemand.com/education/pub/s4/index.html?show=project!PR_1A81A8415F97E1A8,Purchaser,Converting Requisitions to Purchase Orders,Converting Requisitions to Purchase Orders,Procurement (MM-PUR),Convert a purchase requisition into a purchase order.,2026-02-27,https://help.sap.com/docs/SAP_S4HANA_ON-PREMISE?version=2022
128,https://education.hana.ondemand.com/education/pub/s4/index.html?show=project!PR_E4693A44FFD33293,BOM Engineer,Copying a BOM,Copying a BOM,Production (PP),Copy an existing bill of material.,2026-02-27,https://help.sap.com/docs/SAP_S4HANA_ON-PREMISE?version=2022
129,https://education.hana.ondemand.com/education/pub/s4/index.html?show=project!PR_9CE7E6A5303AD9F,Employee - Procurement,Copying Purchase Requisitions,Copying Purchase Requisitions,Procurement (MM-PUR),"Copy purchase requisitions, and edit them.",2026-02-27,https://help.sap.com/docs/SAP_S4HANA_ON-PREMISE?version=2022
130,https://education.hana.ondemand.com/education/pub/s4/index.html?show=project!PR_FD3B1399806252BC,General Ledger Accountant,Copying Recurring Journal Entries,Copying Recurring Journal Entries,Finance - General Ledger (FI-GL),Copy recurring journal entries.,2026-02-27,https://help.sap.com/docs/SAP_S4HANA_ON-PREMISE?version=2022
131,https://education.hana.ondemand.com/education/pub/s4/index.html?show=slide!SL_BC10D7C513D121A8,"Warehouse Clerk,Inventory Manager",Core Inventory Management,Core Inventory Management,Inventory Management (MM-IM),"Complete core inventory management processes, including scrapping, stock transfer, and material document overview.",2026-02-27,https://help.sap.com/docs/SAP_S4HANA_ON-PREMISE?version=2022
132,https://education.hana.ondemand.com/education/pub/s4/index.html?show=project!PR_597A58EBFFD35A89,Quality Technician,Creating a Batch,Creating a Batch,Quality Management (QM),Complete a batch,2026-02-27,https://help.sap.com/docs/SAP_S4HANA_ON-PREMISE?version=2022
133,https://education.hana.ondemand.com/education/pub/s4/index.html?show=project!PR_39E4449239B8FDB2,BOM Engineer,Creating a Bill of Material (BOM),Creating a Bill of Material (BOM),Production (PP),Create a new bill of material controlled by a change master.,2026-02-27,https://help.sap.com/docs/SAP_S4HANA_ON-PREMISE?version=2022
134,https://education.hana.ondemand.com/education/pub/s4/index.html?show=project!PR_BA10144C753994A2,Billing Clerk,Creating a Billing Document,Creating a Billing Document,Sales - Billing (SD-BIL),"Create an invoice for an outbound delivery, display the draft before saving, and display the document flow.",2026-02-27,https://help.sap.com/docs/SAP_S4HANA_ON-PREMISE?version=2022
135,https://education.hana.ondemand.com/education/pub/s4/index.html?show=project!PR_A9BEA4DC5B6C66B2,BOM Engineer,Creating a Change Master,Creating a Change Master,Production (PP),Create a change master that will be used to create a bill of material.,2026-02-27,https://help.sap.com/docs/SAP_S4HANA_ON-PREMISE?version=2022
136,https://education.hana.ondemand.com/education/pub/s4/index.html?show=project!PR_FB195D2327358B5,Administrator - Enterprise Contract Management,Creating a Collaboration with MS Teams in Enterprise Contract Management,Creating a Collaboration with MS Teams in Enterprise Contract Management,Configuration / Basis,The seemless integration between ECM and MS teams provides a secured platform to collaborate with internal and external stakeholders.,2026-02-27,https://help.sap.com/docs/SAP_S4HANA_ON-PREMISE?version=2022
137,https://education.hana.ondemand.com/education/pub/s4/index.html?show=project!PR_BCDC29B1D9242A97,Internal Sales Representative,Creating a Condition Contract for Multiple Customers as Contract Partners,Creating a Condition Contract for Multiple Customers as Contract Partners,Sales (SD),Create a sales rebate condition contract for multiple customers.,2026-02-27,https://help.sap.com/docs/SAP_S4HANA_ON-PREMISE?version=2022
138,https://education.hana.ondemand.com/education/pub/s4/index.html?show=project!PR_B80C313774C65C9F,Internal Sales Representative,Creating a Condition Contract for One Customer as Contract Partner,Creating a Condition Contract for One Customer as Contract Partner,Sales (SD),Create a sales rebate condition contract for one customer as condition contract partner.,2026-02-27,https://help.sap.com/docs/SAP_S4HANA_ON-PREMISE?version=2022
139,https://education.hana.ondemand.com/education/pub/s4/index.html?show=project!PR_F85471ECBCA8A38E,Cost Accountant - Inventory,Creating a Costing Run,Creating a Costing Run,Finance - General Ledger (FI-GL),Create a new costing run.,2026-02-27,https://help.sap.com/docs/SAP_S4HANA_ON-PREMISE?version=2022
140,https://education.hana.ondemand.com/education/pub/s4/index.html?show=project!PR_7EC73098454F2BB5,Master Data Steward,Creating a Data Quality Evaluation Run,Creating a Data Quality Evaluation Run,Master Data Governance (MDG),"Create, schedule and execute a data quality evaluation run.",2026-02-27,https://help.sap.com/docs/SAP_S4HANA_ON-PREMISE?version=2022
141,https://education.hana.ondemand.com/education/pub/s4/index.html?show=project!PR_EBDE1A8B103B998B,Billing Clerk,Creating a Down Payment Request,Creating a Down Payment Request,Sales - Billing (SD-BIL),Create a down payment request.,2026-02-27,https://help.sap.com/docs/SAP_S4HANA_ON-PREMISE?version=2022
142,https://education.hana.ondemand.com/education/pub/s4/index.html?show=project!PR_AC601D2176283F8A,Returns and Refund Clerk,Creating a Return Order (BKP),Creating a Return Order (BKP),Sales - Returns (SD-RET),"Create a return order, change the refund criteria, and view the follow-up documentation numbers.",2026-02-27,https://help.sap.com/docs/SAP_S4HANA_ON-PREMISE?version=2022
143,https://education.hana.ondemand.com/education/pub/s4/index.html?show=project!PR_C2CCA472DCE5E880,Internal Sales Representative,Creating a Sales Order,Creating a Sales Order,Sales (SD),Create a sales order and use item proposal to default the material and quantity in it.,2026-02-27,https://help.sap.com/docs/SAP_S4HANA_ON-PREMISE?version=2022
144,https://education.hana.ondemand.com/education/pub/s4/index.html?show=project!PR_E8C45F9739B574B7,Internal Sales Representative,Creating a Sales Order,Creating a Sales Order,Sales (SD),Create a sales order and use item proposal to default the material and quantity in it.,2026-02-27,https://help.sap.com/docs/SAP_S4HANA_ON-PREMISE?version=2022
145,https://education.hana.ondemand.com/education/pub/s4/index.html?show=project!PR_E76B6BD9B5AB1EA6,Internal Sales Representative,Creating a Sales Order without a Delivery Block,Creating a Sales Order without a Delivery Block,Sales (SD),Create a sales order without a billing block.,2026-02-27,https://help.sap.com/docs/SAP_S4HANA_ON-PREMISE?version=2022
146,https://education.hana.ondemand.com/education/pub/s4/index.html?show=project!PR_F8371364204BBE84,Cost Accountant - Sales,Creating a Top-Down Distribution Cycle,Creating a Top-Down Distribution Cycle,Finance - General Ledger (FI-GL),Create a top-down distribution cycle.,2026-02-27,https://help.sap.com/docs/SAP_S4HANA_ON-PREMISE?version=2022
147,https://education.hana.ondemand.com/education/pub/s4/index.html?show=project!PR_87E8F3BFC4F447A0,General Ledger Accountant,Creating Actual General Ledger Distribution Cycles,Creating Actual General Ledger Distribution Cycles,Finance - General Ledger (FI-GL),Create header data and segment data of the actual general ledger distribution cycles.,2026-02-27,https://help.sap.com/docs/SAP_S4HANA_ON-PREMISE?version=2022
148,https://education.hana.ondemand.com/education/pub/s4/index.html?show=project!PR_20FFF85A040BFE88,Accounts Payable Accountant,Creating Advanced Credit Memos,Creating Advanced Credit Memos,Finance - Accounts Payable (FI-AP),Complete a credit memo in advance.,2026-02-27,https://help.sap.com/docs/SAP_S4HANA_ON-PREMISE?version=2022
149,https://education.hana.ondemand.com/education/pub/s4/index.html?show=project!PR_370145F002C10BB2,Shipping Specialist,Creating Advanced Outbound Deliveries,Creating Advanced Outbound Deliveries,Logistics - Shipping (LE-SHP),Complete a return/ outbound delivery in advance.,2026-02-27,https://help.sap.com/docs/SAP_S4HANA_ON-PREMISE?version=2022
150,https://education.hana.ondemand.com/education/pub/s4/index.html?show=project!PR_90BC49607578EE8B,Shipping Specialist,Creating Advanced Outbound Deliveries (BMK),Creating Advanced Outbound Deliveries (BMK),Logistics - Shipping (LE-SHP),Complete a return/ outbound delivery.in advance.,2026-02-27,https://help.sap.com/docs/SAP_S4HANA_ON-PREMISE?version=2022
151,https://education.hana.ondemand.com/education/pub/s4/index.html?show=project!PR_9D66D5B7B83D018F,Purchaser,Creating Advanced Return Purchase Orders,Creating Advanced Return Purchase Orders,Procurement (MM-PUR),Complete a return purchase order in advance.,2026-02-27,https://help.sap.com/docs/SAP_S4HANA_ON-PREMISE?version=2022
152,https://education.hana.ondemand.com/education/pub/s4/index.html?show=project!PR_CCD1D00887835F94,Purchaser,Creating Advanced Return Purchase Orders (BMK),Creating Advanced Return Purchase Orders (BMK),Procurement (MM-PUR),Complete a return purchase order in advance.,2026-02-27,https://help.sap.com/docs/SAP_S4HANA_ON-PREMISE?version=2022
153,https://education.hana.ondemand.com/education/pub/s4/index.html?show=project!PR_F0CD62165D8E28C,Inventory Manager,Creating an Outbound Delivery,Creating an Outbound Delivery,Inventory Management (MM-IM),Create an outbound delivery and post the goods issue.,2026-02-27,https://help.sap.com/docs/SAP_S4HANA_ON-PREMISE?version=2022
154,https://education.hana.ondemand.com/education/pub/s4/index.html?show=project!PR_3E0D80A62CC5D596,Cash Specialist,Creating and Applying New Bank Statement Reprocessing Rules,Creating and Applying New Bank Statement Reprocessing Rules,General,Create new bank statement reprocessing rules and apply them.,2026-02-27,https://help.sap.com/docs/SAP_S4HANA_ON-PREMISE?version=2022
155,https://education.hana.ondemand.com/education/pub/s4/index.html?show=project!PR_CA67D360F3E80197,Master Data Steward,Creating and Executing Mining Runs,Creating and Executing Mining Runs,Master Data Governance (MDG),Create a rule mining run.,2026-02-27,https://help.sap.com/docs/SAP_S4HANA_ON-PREMISE?version=2022
156,https://education.hana.ondemand.com/education/pub/s4/index.html?show=project!PR_2DF10CAB34C1B8BA,Asset Accountant,Creating Asset Balances Reports,Creating Asset Balances Reports,Finance - Asset Accounting (FI-AA),Create an asset balances report according to your country requirements as part of your year-end close in asset accounting.,2026-02-27,https://help.sap.com/docs/SAP_S4HANA_ON-PREMISE?version=2022
157,https://education.hana.ondemand.com/education/pub/s4/index.html?show=project!PR_E4CF8AD5B19AF182,Asset Accountant,Creating Asset Master Records,Creating Asset Master Records,Finance - Asset Accounting (FI-AA),Create an asset master record and check the depreciation parameters for the asset master record in asset accounting.,2026-02-27,https://help.sap.com/docs/SAP_S4HANA_ON-PREMISE?version=2022
158,https://education.hana.ondemand.com/education/pub/s4/index.html?show=project!PR_CB1997617D9E86A6,Billing Clerk,Creating Attachments for Billing Documents (BDH),Creating Attachments for Billing Documents (BDH),Sales - Billing (SD-BIL),Upload an attachment to a billing document.,2026-02-27,https://help.sap.com/docs/SAP_S4HANA_ON-PREMISE?version=2022
159,https://education.hana.ondemand.com/education/pub/s4/index.html?show=project!PR_E12780EB9B72478C,Shipping Specialist,Creating Attachments for Deliveries (1MI),Creating Attachments for Deliveries (1MI),Logistics - Shipping (LE-SHP),Create an attachment for a delivery in delivery processing without order reference.,2026-02-27,https://help.sap.com/docs/SAP_S4HANA_ON-PREMISE?version=2022
160,https://education.hana.ondemand.com/education/pub/s4/index.html?show=project!PR_5FD746FF1C5BC5B6,Cash Management Specialist,Creating Bank Accounts,Creating Bank Accounts,Treasury (TR),Create a bank account for basic cash management and direct revision activate.,2026-02-27,https://help.sap.com/docs/SAP_S4HANA_ON-PREMISE?version=2022
161,https://education.hana.ondemand.com/education/pub/s4/index.html?show=project!PR_C8C7F175DA7A61AC,Accounts Payable Accountant,Creating Bank Chains,Creating Bank Chains,Finance - Accounts Payable (FI-AP),Create a bank chain that can be used to make payments that are transferred through intermediary banks.,2026-02-27,https://help.sap.com/docs/SAP_S4HANA_ON-PREMISE?version=2022
162,https://education.hana.ondemand.com/education/pub/s4/index.html?show=project!PR_B6F45D6B9559980,Billing Clerk,Creating Billing Document (BDD),Creating Billing Document (BDD),Sales - Billing (SD-BIL),Generate a credit memo for returns document and view it.,2026-02-27,https://help.sap.com/docs/SAP_S4HANA_ON-PREMISE?version=2022
163,https://education.hana.ondemand.com/education/pub/s4/index.html?show=project!PR_E42176C6541DB6AB,Billing Clerk,Creating Billing Document for Collective Billing,Creating Billing Document for Collective Billing,Sales - Billing (SD-BIL),Create collective billing documents from sales documents that you created previously.,2026-02-27,https://help.sap.com/docs/SAP_S4HANA_ON-PREMISE?version=2022
164,https://education.hana.ondemand.com/education/pub/s4/index.html?show=project!PR_C28390B54D55DC9C,Billing Clerk,Creating Billing Document for Invoice List,Creating Billing Document for Invoice List,Sales - Billing (SD-BIL),Create billing documents from sales documents that you created previously.,2026-02-27,https://help.sap.com/docs/SAP_S4HANA_ON-PREMISE?version=2022
165,https://education.hana.ondemand.com/education/pub/s4/index.html?show=project!PR_FC498FDDE22FDB8,Billing Clerk,Creating Billing Documents,Creating Billing Documents,Sales - Billing (SD-BIL),Create a billing document in free goods processing.,2026-02-27,https://help.sap.com/docs/SAP_S4HANA_ON-PREMISE?version=2022
166,https://education.hana.ondemand.com/education/pub/s4/index.html?show=project!PR_9FE5669BA58BE90,Billing Clerk,Creating Billing Documents,Creating Billing Documents,Sales - Billing (SD-BIL),Create a billing document and handle billing.,2026-02-27,https://help.sap.com/docs/SAP_S4HANA_ON-PREMISE?version=2022
167,https://education.hana.ondemand.com/education/pub/s4/index.html?show=project!PR_D1CD9523E216F5A1,Billing Clerk,Creating Billing Documents,Creating Billing Documents,Sales - Billing (SD-BIL),Create and manage billing documents for returnables processing.,2026-02-27,https://help.sap.com/docs/SAP_S4HANA_ON-PREMISE?version=2022
168,https://education.hana.ondemand.com/education/pub/s4/index.html?show=project!PR_E61723F0E5B9389D,Billing Clerk,Creating Billing Documents (1MI),Creating Billing Documents (1MI),Sales - Billing (SD-BIL),Create billing documents for delivery processing without order reference.,2026-02-27,https://help.sap.com/docs/SAP_S4HANA_ON-PREMISE?version=2022
169,https://education.hana.ondemand.com/education/pub/s4/index.html?show=project!PR_C9317FB3D496369C,Billing Clerk,Creating Billing Documents (2EQ),Creating Billing Documents (2EQ),Sales - Billing (SD-BIL),Create billing documents for sale of services.,2026-02-27,https://help.sap.com/docs/SAP_S4HANA_ON-PREMISE?version=2022
170,https://education.hana.ondemand.com/education/pub/s4/index.html?show=project!PR_930EEC928094DF8A,Billing Clerk,Creating Billing Documents (2ET),Creating Billing Documents (2ET),Sales - Billing (SD-BIL),Create a billing document for non-stock items.,2026-02-27,https://help.sap.com/docs/SAP_S4HANA_ON-PREMISE?version=2022
171,https://education.hana.ondemand.com/education/pub/s4/index.html?show=project!PR_190893A8AC340DA1,Billing Clerk,Creating Billing Documents (BDH),Creating Billing Documents (BDH),Sales - Billing (SD-BIL),Create a billing document at the end of a business transaction.,2026-02-27,https://help.sap.com/docs/SAP_S4HANA_ON-PREMISE?version=2022
172,https://education.hana.ondemand.com/education/pub/s4/index.html?show=project!PR_78E87F8731A28D8B,Billing Clerk,Creating Billing Documents for Unreturned Returnable Materials,Creating Billing Documents for Unreturned Returnable Materials,Sales - Billing (SD-BIL),Create and print billing documents.,2026-02-27,https://help.sap.com/docs/SAP_S4HANA_ON-PREMISE?version=2022
173,https://education.hana.ondemand.com/education/pub/s4/index.html?show=project!PR_D77348E5E00EFFB6,Employee - Procurement,Creating Confirmation for Purchase Requisitions in HUB Systems,Creating Confirmation for Purchase Requisitions in HUB Systems,Procurement (MM-PUR),Confirm the quantity of a goods receipt against the respective purchase requisition.,2026-02-27,https://help.sap.com/docs/SAP_S4HANA_ON-PREMISE?version=2022
174,https://education.hana.ondemand.com/education/pub/s4/index.html?show=project!PR_129DABBB1D45B4A8,Purchaser,Creating Contracts with Item Hierarchy,Creating Contracts with Item Hierarchy,Procurement (MM-PUR),Create a purchase contract with item hierarchy.,2026-02-27,https://help.sap.com/docs/SAP_S4HANA_ON-PREMISE?version=2022
175,https://education.hana.ondemand.com/education/pub/s4/index.html?show=project!PR_8F03AC9C3506B687,Credit Controller,Creating Credit Limit Requests,Creating Credit Limit Requests,Controlling (CO),Create a credit limit response.,2026-02-27,https://help.sap.com/docs/SAP_S4HANA_ON-PREMISE?version=2022
176,https://education.hana.ondemand.com/education/pub/s4/index.html?show=project!PR_35FD832478D53DBF,Internal Sales Representative,Creating Credit Memo Requests,Creating Credit Memo Requests,Sales (SD),Create a credit memo request.,2026-02-27,https://help.sap.com/docs/SAP_S4HANA_ON-PREMISE?version=2022
177,https://education.hana.ondemand.com/education/pub/s4/index.html?show=project!PR_3F77EAC784109681,Internal Sales Representative,Creating Credit Memo Requests  (BKL),Creating Credit Memo Requests  (BKL),Sales (SD),Generate a credit memo request and view the generated document.,2026-02-27,https://help.sap.com/docs/SAP_S4HANA_ON-PREMISE?version=2022
178,https://education.hana.ondemand.com/education/pub/s4/index.html?show=project!PR_FD45DE9FAA73E395,Billing Clerk,Creating Credit Memos,Creating Credit Memos,Sales - Billing (SD-BIL),Create a credit memo and attach a document to it in credit memo processing.,2026-02-27,https://help.sap.com/docs/SAP_S4HANA_ON-PREMISE?version=2022
179,https://education.hana.ondemand.com/education/pub/s4/index.html?show=project!PR_C6AE7EEE568E2EB2,Accounts Payable Accountant,Creating Credit Memos,Creating Credit Memos,Finance - Accounts Payable (FI-AP),Complete a credit memo.,2026-02-27,https://help.sap.com/docs/SAP_S4HANA_ON-PREMISE?version=2022
180,https://education.hana.ondemand.com/education/pub/s4/index.html?show=project!PR_CC952B368EFF7691,Billing Clerk,Creating Credit Memos  (BKL),Creating Credit Memos  (BKL),Sales - Billing (SD-BIL),Generate a credit memo in the invoice correction process and view the generated document.,2026-02-27,https://help.sap.com/docs/SAP_S4HANA_ON-PREMISE?version=2022
181,https://education.hana.ondemand.com/education/pub/s4/index.html?show=project!PR_CA9F10DDA9E86594,Billing Clerk,Creating Credit Memos (BKP),Creating Credit Memos (BKP),Sales - Billing (SD-BIL),Create a credit memo in accelerated customer returns.,2026-02-27,https://help.sap.com/docs/SAP_S4HANA_ON-PREMISE?version=2022
182,https://education.hana.ondemand.com/education/pub/s4/index.html?show=project!PR_F68F9D2E5949C882,Billing Clerk,Creating Customer Invoices (BDA),Creating Customer Invoices (BDA),Sales - Billing (SD-BIL),"Create an F2 invoice, with costs transferred to accounting accordingly.",2026-02-27,https://help.sap.com/docs/SAP_S4HANA_ON-PREMISE?version=2022
183,https://education.hana.ondemand.com/education/pub/s4/index.html?show=project!PR_8C753053657C4889,Internal Sales Representative,Creating Debit Memo Requests (1F1),Creating Debit Memo Requests (1F1),Sales (SD),Generate a billing document and debit the customer's account.,2026-02-27,https://help.sap.com/docs/SAP_S4HANA_ON-PREMISE?version=2022
184,https://education.hana.ondemand.com/education/pub/s4/index.html?show=project!PR_BB8CC3FDB5330CB0,Billing Clerk,Creating Debit Memos (1F1),Creating Debit Memos (1F1),Sales - Billing (SD-BIL),Generate a debit memo and debit the customer's account.,2026-02-27,https://help.sap.com/docs/SAP_S4HANA_ON-PREMISE?version=2022
185,https://education.hana.ondemand.com/education/pub/s4/index.html?show=project!PR_715BA8BB52CD0580,Shipping Specialist,Creating Deliveries,Creating Deliveries,Logistics - Shipping (LE-SHP),Create an outbound delivery from a sales order.,2026-02-27,https://help.sap.com/docs/SAP_S4HANA_ON-PREMISE?version=2022
186,https://education.hana.ondemand.com/education/pub/s4/index.html?show=project!PR_3BF31C2A12E187A8,Shipping Specialist,Creating Deliveries,Creating Deliveries,Logistics - Shipping (LE-SHP),Create an outbound delivery in free goods processing.,2026-02-27,https://help.sap.com/docs/SAP_S4HANA_ON-PREMISE?version=2022
187,https://education.hana.ondemand.com/education/pub/s4/index.html?show=project!PR_B54749CFD3F20ABB,Shipping Specialist,Creating Deliveries,Creating Deliveries,Logistics - Shipping (LE-SHP),Create an outbound delivery for a sales order.,2026-02-27,https://help.sap.com/docs/SAP_S4HANA_ON-PREMISE?version=2022
188,https://education.hana.ondemand.com/education/pub/s4/index.html?show=project!PR_9B7552ED1EEC7980,Shipping Specialist,Creating Deliveries (1MI),Creating Deliveries (1MI),Logistics - Shipping (LE-SHP),Create a delivery in delivery processing without order reference.,2026-02-27,https://help.sap.com/docs/SAP_S4HANA_ON-PREMISE?version=2022
189,https://education.hana.ondemand.com/education/pub/s4/index.html?show=project!PR_FC570D927F5D8ABE,Shipping Specialist,Creating Deliveries (2ET),Creating Deliveries (2ET),Logistics - Shipping (LE-SHP),Create an outbound delivery from a sales order.,2026-02-27,https://help.sap.com/docs/SAP_S4HANA_ON-PREMISE?version=2022
190,https://education.hana.ondemand.com/education/pub/s4/index.html?show=project!PR_B93F310A5E1928A3,Shipping Specialist,Creating Deliveries (BDA),Creating Deliveries (BDA),Logistics - Shipping (LE-SHP),Create a free-of-charge delivery.,2026-02-27,https://help.sap.com/docs/SAP_S4HANA_ON-PREMISE?version=2022
191,https://education.hana.ondemand.com/education/pub/s4/index.html?show=project!PR_17A7E4B1B4761FAC,Shipping Specialist,Creating Deliveries (BKJ),Creating Deliveries (BKJ),Logistics - Shipping (LE-SHP),Create an outbound delivery from a sales order and print the delivery form.,2026-02-27,https://help.sap.com/docs/SAP_S4HANA_ON-PREMISE?version=2022
192,https://education.hana.ondemand.com/education/pub/s4/index.html?show=project!PR_E684AE53C8002380,Asset Accountant,Creating Depreciation Lists,Creating Depreciation Lists,Finance - Asset Accounting (FI-AA),Create a report displaying all depreciations in asset accounting.,2026-02-27,https://help.sap.com/docs/SAP_S4HANA_ON-PREMISE?version=2022
193,https://education.hana.ondemand.com/education/pub/s4/index.html?show=project!PR_10BCE1E51B540689,Warehouse Clerk,Creating Documents with Create PI Documents Regular Stock,Creating Documents with Create PI Documents Regular Stock,Warehouse Management (WM),Create documents with Create PI Documents Regular Stock.,2026-02-27,https://help.sap.com/docs/SAP_S4HANA_ON-PREMISE?version=2022
194,https://education.hana.ondemand.com/education/pub/s4/index.html?show=project!PR_9277CD20FF079CBF,Billing Clerk,Creating Down Payment Requests (BKJ),Creating Down Payment Requests (BKJ),Sales - Billing (SD-BIL),Generate a down payment request and view the document.,2026-02-27,https://help.sap.com/docs/SAP_S4HANA_ON-PREMISE?version=2022
195,https://education.hana.ondemand.com/education/pub/s4/index.html?show=project!PR_7D075F4F887567BE,Accounts Payable Accountant,Creating Down Payment Requests (J45),Creating Down Payment Requests (J45),Finance - Accounts Payable (FI-AP),Create a down payment request for a purchase order.,2026-02-27,https://help.sap.com/docs/SAP_S4HANA_ON-PREMISE?version=2022
196,https://education.hana.ondemand.com/education/pub/s4/index.html?show=project!PR_8436DE23507AFBB5,Accounts Payable Accountant,Creating Down Payments,Creating Down Payments,Finance - Accounts Payable (FI-AP),Create a down payment from the down payment request.,2026-02-27,https://help.sap.com/docs/SAP_S4HANA_ON-PREMISE?version=2022
197,https://education.hana.ondemand.com/education/pub/s4/index.html?show=project!PR_E109446BA19785A4,Accounts Receivable Accountant,Creating Dunning Notices,Creating Dunning Notices,Finance - Accounts Receivable (FI-AR),"Create and schedule dunning runs, and print dunning notices to customers.",2026-02-27,https://help.sap.com/docs/SAP_S4HANA_ON-PREMISE?version=2022
198,https://education.hana.ondemand.com/education/pub/s4/index.html?show=project!PR_62F3B36D92B0EC86,Accounts Receivable Accountant,Creating Dunning Notices (J59),Creating Dunning Notices (J59),Finance - Accounts Receivable (FI-AR),"Generate, schedule, and print dunning notices, as well as view dunning history.",2026-02-27,https://help.sap.com/docs/SAP_S4HANA_ON-PREMISE?version=2022
199,https://education.hana.ondemand.com/education/pub/s4/index.html?show=project!PR_EEAB798EF6A784AA,Strategic Buyer,Creating Evaluation Questionnaires,Creating Evaluation Questionnaires,Procurement (MM-PUR),Create evaluation questionnaires.,2026-02-27,https://help.sap.com/docs/SAP_S4HANA_ON-PREMISE?version=2022
200,https://education.hana.ondemand.com/education/pub/s4/index.html?show=project!PR_AF25A762BE31E7A1,Cost Accountant - Inventory,Creating FIFO Valuation Extracts (BEJ),Creating FIFO Valuation Extracts (BEJ),Finance - General Ledger (FI-GL),Create FIFO valuation extracts in inventory valuation for year-end closing.,2026-02-27,https://help.sap.com/docs/SAP_S4HANA_ON-PREMISE?version=2022
201,https://education.hana.ondemand.com/education/pub/s4/index.html?show=project!PR_62F7DEEF1387C4A0,Billing Clerk,Creating Final Settlements with Reversal of Accruals,Creating Final Settlements with Reversal of Accruals,Sales - Billing (SD-BIL),Create a final settlement with reversal of accruals for a condition contract.,2026-02-27,https://help.sap.com/docs/SAP_S4HANA_ON-PREMISE?version=2022
202,https://education.hana.ondemand.com/education/pub/s4/index.html?show=project!PR_40AA5941D35E4E89,Purchaser,Creating Follow-on Documents,Creating Follow-on Documents,Procurement (MM-PUR),Display an automatically created purchase order.,2026-02-27,https://help.sap.com/docs/SAP_S4HANA_ON-PREMISE?version=2022
203,https://education.hana.ondemand.com/education/pub/s4/index.html?show=project!PR_E3751C23777CEEBD,Accounts Payable Accountant,Creating Free Form Payment Requests,Creating Free Form Payment Requests,Finance - Accounts Payable (FI-AP),Create a free form payment request that triggers payments without referencing a business transaction.,2026-02-27,https://help.sap.com/docs/SAP_S4HANA_ON-PREMISE?version=2022
204,https://education.hana.ondemand.com/education/pub/s4/index.html?show=project!PR_DD2E2A4E2357718B,Shipping Specialist,Creating Free-of-Charge Deliveries (BKP),Creating Free-of-Charge Deliveries (BKP),Logistics - Shipping (LE-SHP),Create a free-of-charge replacement delivery with a reference to the replacement order.,2026-02-27,https://help.sap.com/docs/SAP_S4HANA_ON-PREMISE?version=2022
205,https://education.hana.ondemand.com/education/pub/s4/index.html?show=project!PR_DFBCB594A5DDDE89,Intrastat Specialist,Creating Intrastat Declarations Automatically (Background Job),Creating Intrastat Declarations Automatically (Background Job),General,Schedule a background job that can generate the intrastat declarations that are based on billing documents and purchase orders.,2026-02-27,https://help.sap.com/docs/SAP_S4HANA_ON-PREMISE?version=2022
206,https://education.hana.ondemand.com/education/pub/s4/index.html?show=project!PR_946E117DC6237087,Intrastat Specialist,Creating Intrastat Declarations Manually,Creating Intrastat Declarations Manually,General,"Create intrastat declarations for the providers of information, with fields that are required by the authorities.",2026-02-27,https://help.sap.com/docs/SAP_S4HANA_ON-PREMISE?version=2022
207,https://education.hana.ondemand.com/education/pub/s4/index.html?show=project!PR_9411A19AED61BCBB,Billing Clerk,Creating Invoice List,Creating Invoice List,Sales - Billing (SD-BIL),Create an invoice list from billing documents.,2026-02-27,https://help.sap.com/docs/SAP_S4HANA_ON-PREMISE?version=2022
208,https://education.hana.ondemand.com/education/pub/s4/index.html?show=project!PR_E9D44FF508CC9D9E,Accounts Payable Accountant,Creating Invoice Receipts by Line Item (J62),Creating Invoice Receipts by Line Item (J62),Finance - Accounts Payable (FI-AP),Create an invoice receipt by line item in asset accounting.,2026-02-27,https://help.sap.com/docs/SAP_S4HANA_ON-PREMISE?version=2022
209,https://education.hana.ondemand.com/education/pub/s4/index.html?show=project!PR_EEE32D6A68474B5,Asset Accountant,Creating Legacy Assets,Creating Legacy Assets,Finance - Asset Accounting (FI-AA),Create a legacy asset and enter values for a legacy asset in asset accounting.,2026-02-27,https://help.sap.com/docs/SAP_S4HANA_ON-PREMISE?version=2022
210,https://education.hana.ondemand.com/education/pub/s4/index.html?show=project!PR_33C4B6B377FD3BA,Cash Management Specialist,Creating Manual Input Bank Statements,Creating Manual Input Bank Statements,Treasury (TR),Use external transactions to create manual bank statements.,2026-02-27,https://help.sap.com/docs/SAP_S4HANA_ON-PREMISE?version=2022
211,https://education.hana.ondemand.com/education/pub/s4/index.html?show=project!PR_993FF53BFA4E95BC,Order Fulfillment Manager,Creating Master Data for Supply Protections,Creating Master Data for Supply Protections,General,Create master data for supply protection in which you can protect quantities of a material of a specific plant for other demands.,2026-02-27,https://help.sap.com/docs/SAP_S4HANA_ON-PREMISE?version=2022
212,https://education.hana.ondemand.com/education/pub/s4/index.html?show=project!PR_E55E8A9DDC295BB7,Cash Management Specialist,Creating Memo Records,Creating Memo Records,Treasury (TR),Create memo records.,2026-02-27,https://help.sap.com/docs/SAP_S4HANA_ON-PREMISE?version=2022
213,https://education.hana.ondemand.com/education/pub/s4/index.html?show=project!PR_60C1D78F5C616FAD,Master Data Steward,Creating New Data Quality Rules with BRFplus Implementation,Creating New Data Quality Rules with BRFplus Implementation,Master Data Governance (MDG),Create a new data quality rule with BRFplus implementation,2026-02-27,https://help.sap.com/docs/SAP_S4HANA_ON-PREMISE?version=2022
214,https://education.hana.ondemand.com/education/pub/s4/index.html?show=project!PR_E42FCC805C9D2E83,Design Engineer,Creating New Documents,Creating New Documents,General,Create new documents in the document management system.,2026-02-27,https://help.sap.com/docs/SAP_S4HANA_ON-PREMISE?version=2022
215,https://education.hana.ondemand.com/education/pub/s4/index.html?show=project!PR_9A10AB18F03ACE81,Warehouse Clerk,Creating New Inspection Lots,Creating New Inspection Lots,Warehouse Management (WM),Transfer material to quality inspection stock and create a new inspection lot.,2026-02-27,https://help.sap.com/docs/SAP_S4HANA_ON-PREMISE?version=2022
216,https://education.hana.ondemand.com/education/pub/s4/index.html?show=project!PR_37270D096DC04A8C,Design Engineer,Creating New Versions of Documents,Creating New Versions of Documents,General,Create a new version of an existing document. The new version of the document has the original files copied from the source document.,2026-02-27,https://help.sap.com/docs/SAP_S4HANA_ON-PREMISE?version=2022
217,https://education.hana.ondemand.com/education/pub/s4/index.html?show=project!PR_5B1325F703DC71B7,Shipping Specialist,Creating Outbound Deliveries,Creating Outbound Deliveries,Logistics - Shipping (LE-SHP),Create an outbound delivery.,2026-02-27,https://help.sap.com/docs/SAP_S4HANA_ON-PREMISE?version=2022
218,https://education.hana.ondemand.com/education/pub/s4/index.html?show=project!PR_8D5DBCB8F89D4791,Shipping Specialist,Creating Outbound Deliveries,Creating Outbound Deliveries,Logistics - Shipping (LE-SHP),Complete a return/ outbound delivery.,2026-02-27,https://help.sap.com/docs/SAP_S4HANA_ON-PREMISE?version=2022
219,https://education.hana.ondemand.com/education/pub/s4/index.html?show=project!PR_41898AB2DB49E6AD,Shipping Specialist,Creating Outbound Deliveries Without Order References,Creating Outbound Deliveries Without Order References,Logistics - Shipping (LE-SHP),Create a delivery without an order reference.,2026-02-27,https://help.sap.com/docs/SAP_S4HANA_ON-PREMISE?version=2022
220,https://education.hana.ondemand.com/education/pub/s4/index.html?show=project!PR_2261EE21FF213ABE,Internal Sales Representative,Creating Pallets Issue Orders,Creating Pallets Issue Orders,Sales (SD),Create and print a pallets issue order for unreturned pallets.,2026-02-27,https://help.sap.com/docs/SAP_S4HANA_ON-PREMISE?version=2022
221,https://education.hana.ondemand.com/education/pub/s4/index.html?show=project!PR_7C46D23FC414FFBF,Internal Sales Representative,Creating Pallets Return Sales Orders,Creating Pallets Return Sales Orders,Sales (SD),Create a return sales order for pallets.,2026-02-27,https://help.sap.com/docs/SAP_S4HANA_ON-PREMISE?version=2022
222,https://education.hana.ondemand.com/education/pub/s4/index.html?show=project!PR_A894B0C23C198290,Billing Clerk,Creating Partial Settlements with Reversal of Accruals,Creating Partial Settlements with Reversal of Accruals,Sales - Billing (SD-BIL),Create a partial settlement with reversal of accruals for a condition contract.,2026-02-27,https://help.sap.com/docs/SAP_S4HANA_ON-PREMISE?version=2022
223,https://education.hana.ondemand.com/education/pub/s4/index.html?show=project!PR_20D80AC050EC43AE,Warehouse Clerk,Creating Physical Inventory Documents (Mass Creation),Creating Physical Inventory Documents (Mass Creation),Warehouse Management (WM),Use mass creation to create physical inventory documents.,2026-02-27,https://help.sap.com/docs/SAP_S4HANA_ON-PREMISE?version=2022
224,https://education.hana.ondemand.com/education/pub/s4/index.html?show=project!PR_E4BE9036F48273AD,Production Planner,Creating Planned Independent Requirements (1BM),Creating Planned Independent Requirements (1BM),Production (PP),"Planned Independent requirements are used to perform demand management functions. A Planned Independent Requirement contains a number of planned independent requirements schedule lines, that is, one planned quantity split over time according to dates.",2026-02-27,https://help.sap.com/docs/SAP_S4HANA_ON-PREMISE?version=2022
225,https://education.hana.ondemand.com/education/pub/s4/index.html?show=project!PR_46BB3B1477A6ABA4,Production Planner,Creating Planned Independent Requirements (BJ5),Creating Planned Independent Requirements (BJ5),Production (PP),Create demand for a material using planned independent requirements in make-to-stock production for discrete manufacturing.,2026-02-27,https://help.sap.com/docs/SAP_S4HANA_ON-PREMISE?version=2022
226,https://education.hana.ondemand.com/education/pub/s4/index.html?show=project!PR_B7FF4DD74AFF42AE,Production Planner,Creating Planned Independent Requirements (BJH),Creating Planned Independent Requirements (BJH),Production (PP),Create and release planned independent requirements in make-to-stock production for repetitive manufacturing.,2026-02-27,https://help.sap.com/docs/SAP_S4HANA_ON-PREMISE?version=2022
227,https://education.hana.ondemand.com/education/pub/s4/index.html?show=project!PR_DAF08FB2FE18ADAC,Purchaser,Creating Price Requests,Creating Price Requests,Procurement (MM-PUR),Create a price request for a quotation and submit the request to the corresponding suppliers.,2026-02-27,https://help.sap.com/docs/SAP_S4HANA_ON-PREMISE?version=2022
228,https://education.hana.ondemand.com/education/pub/s4/index.html?show=project!PR_4B4B7E25C0C1A5A6,Billing Clerk,Creating Pro Forma Invoices,Creating Pro Forma Invoices,Sales - Billing (SD-BIL),Create and print a pro forma invoice with reference to delivery.,2026-02-27,https://help.sap.com/docs/SAP_S4HANA_ON-PREMISE?version=2022
229,https://education.hana.ondemand.com/education/pub/s4/index.html?show=project!PR_3B67C3394139F3A9,Billing Clerk,Creating Pro-Forma Invoices (BKP),Creating Pro-Forma Invoices (BKP),Sales - Billing (SD-BIL),Create a pro-forma invoice with reference to the replacement delivery.,2026-02-27,https://help.sap.com/docs/SAP_S4HANA_ON-PREMISE?version=2022
230,https://education.hana.ondemand.com/education/pub/s4/index.html?show=project!PR_EFABA73610DD21A9,Production Planner,Creating Production Orders,Creating Production Orders,Production (PP),"Create a production order for the final assembly of a material, without an external processing operation.",2026-02-27,https://help.sap.com/docs/SAP_S4HANA_ON-PREMISE?version=2022
231,https://education.hana.ondemand.com/education/pub/s4/index.html?show=project!PR_71330A91920E0881,Production Supervisor - Discrete Manufacturing,Creating Production Orders With Subcontract Operation,Creating Production Orders With Subcontract Operation,Production (PP),Create a production order and generate a purchase requisition for a vendor.,2026-02-27,https://help.sap.com/docs/SAP_S4HANA_ON-PREMISE?version=2022
232,https://education.hana.ondemand.com/education/pub/s4/index.html?show=project!PR_6EFD7753BADB4D8D,Cost Accountant - Sales,Creating Profitability Realignment Runs,Creating Profitability Realignment Runs,Finance - General Ledger (FI-GL),Create a realignment run and a realignment request. Input realignment request selection criteria and conversion rule criteria.,2026-02-27,https://help.sap.com/docs/SAP_S4HANA_ON-PREMISE?version=2022
233,https://education.hana.ondemand.com/education/pub/s4/index.html?show=project!PR_4160F9E2868F98BB,Purchaser,Creating Purchase Contracts with Reference to Purchase Requisitions,Creating Purchase Contracts with Reference to Purchase Requisitions,Procurement (MM-PUR),Create a purchase contract with reference to purchase requisition.,2026-02-27,https://help.sap.com/docs/SAP_S4HANA_ON-PREMISE?version=2022
234,https://education.hana.ondemand.com/education/pub/s4/index.html?show=project!PR_9DEC03E3D10BA99C,Purchaser,Creating Purchase Contracts with Reference to the Contract Template,Creating Purchase Contracts with Reference to the Contract Template,Procurement (MM-PUR),Create a purchase contract with reference to the contract template.,2026-02-27,https://help.sap.com/docs/SAP_S4HANA_ON-PREMISE?version=2022
235,https://education.hana.ondemand.com/education/pub/s4/index.html?show=project!PR_6790A13507ABB85,Purchaser,Creating Purchase Orders (1FM),Creating Purchase Orders (1FM),Procurement (MM-PUR),Create a Purchase Order for consumable purchasing.,2026-02-27,https://help.sap.com/docs/SAP_S4HANA_ON-PREMISE?version=2022
236,https://education.hana.ondemand.com/education/pub/s4/index.html?show=project!PR_778239D0B03F6E8C,Purchaser,Creating Purchase Orders (BMY),Creating Purchase Orders (BMY),Procurement (MM-PUR),Assign a purchase requisition for planned subcontracting and create a corresponding purchase order.,2026-02-27,https://help.sap.com/docs/SAP_S4HANA_ON-PREMISE?version=2022
237,https://education.hana.ondemand.com/education/pub/s4/index.html?show=project!PR_9578E896A0243FBF,Purchaser,Creating Purchase Orders (BNX),Creating Purchase Orders (BNX),Procurement (MM-PUR),Create a purchase order to purchase material without a material number.,2026-02-27,https://help.sap.com/docs/SAP_S4HANA_ON-PREMISE?version=2022
238,https://education.hana.ondemand.com/education/pub/s4/index.html?show=project!PR_31C628715FA762B6,Purchaser,Creating Purchase Orders (J45),Creating Purchase Orders (J45),Procurement (MM-PUR),Create a purchase order for procurement of direct materials.,2026-02-27,https://help.sap.com/docs/SAP_S4HANA_ON-PREMISE?version=2022
239,https://education.hana.ondemand.com/education/pub/s4/index.html?show=project!PR_8B7BACE5D6C1CC98,Purchaser,Creating Purchase Orders for Consignment Material,Creating Purchase Orders for Consignment Material,Procurement (MM-PUR),Create a consignment purchase order.,2026-02-27,https://help.sap.com/docs/SAP_S4HANA_ON-PREMISE?version=2022
240,https://education.hana.ondemand.com/education/pub/s4/index.html?show=project!PR_EA0074339D409F90,Purchaser,Creating Purchase Orders for Limit Items,Creating Purchase Orders for Limit Items,Procurement (MM-PUR),Create a purchase order for limit items with the multiple account assignment function.,2026-02-27,https://help.sap.com/docs/SAP_S4HANA_ON-PREMISE?version=2022
241,https://education.hana.ondemand.com/education/pub/s4/index.html?show=project!PR_149B3C6A1D635BB1,Purchaser,Creating Purchase Orders Manually for Down Payments,Creating Purchase Orders Manually for Down Payments,Procurement (MM-PUR),Create a purchase order for the down payment purchase order.,2026-02-27,https://help.sap.com/docs/SAP_S4HANA_ON-PREMISE?version=2022
242,https://education.hana.ondemand.com/education/pub/s4/index.html?show=project!PR_63C622EAB070D180,"Accounts Payable Accountant,Purchaser",Creating Purchase Orders Manually for Free Goods,Creating Purchase Orders Manually for Free Goods,Finance - Accounts Payable (FI-AP),"Providing instructions for changing material master data, for changing supplier master data, for creating purchasing info record and creating Purchase Order Manually for Free Goods.",2026-02-27,https://help.sap.com/docs/SAP_S4HANA_ON-PREMISE?version=2022
243,https://education.hana.ondemand.com/education/pub/s4/index.html?show=project!PR_B5D5B2523C80698C,Purchaser,Creating Purchase Orders with Limits,Creating Purchase Orders with Limits,Procurement (MM-PUR),Create a purchase order with items and limit items.,2026-02-27,https://help.sap.com/docs/SAP_S4HANA_ON-PREMISE?version=2022
244,https://education.hana.ondemand.com/education/pub/s4/index.html?show=project!PR_5EDD2C81E6A085BF,Purchaser,Creating Purchase Requisitions,Creating Purchase Requisitions,Procurement (MM-PUR),Create a purchase requisition in asset accounting.,2026-02-27,https://help.sap.com/docs/SAP_S4HANA_ON-PREMISE?version=2022
245,https://education.hana.ondemand.com/education/pub/s4/index.html?show=project!PR_98F501957B9EAF9F,Purchaser,Creating Purchase Requisitions,Creating Purchase Requisitions,Procurement (MM-PUR),Create a service purchase requisition with items and limit items.,2026-02-27,https://help.sap.com/docs/SAP_S4HANA_ON-PREMISE?version=2022
246,https://education.hana.ondemand.com/education/pub/s4/index.html?show=project!PR_D312101EDA6E2783,Purchaser,Creating Purchase Requisitions (Outline Agreement Requisition) BMD,Creating Purchase Requisitions (Outline Agreement Requisition) BMD,Procurement (MM-PUR),Create a purchase requisition for a purchase contract.,2026-02-27,https://help.sap.com/docs/SAP_S4HANA_ON-PREMISE?version=2022
247,https://education.hana.ondemand.com/education/pub/s4/index.html?show=project!PR_B0BAD1896DE03084,Purchaser,Creating Purchase Requisitions (Standard),Creating Purchase Requisitions (Standard),Procurement (MM-PUR),Create a purchase requisition.,2026-02-27,https://help.sap.com/docs/SAP_S4HANA_ON-PREMISE?version=2022
248,https://education.hana.ondemand.com/education/pub/s4/index.html?show=project!PR_24049D4F06C41F9E,Employee - Procurement,Creating Purchase Requisitions in HUB Systems,Creating Purchase Requisitions in HUB Systems,Procurement (MM-PUR),Create a shopping cart and generate a purchase requisition in the HUB system.,2026-02-27,https://help.sap.com/docs/SAP_S4HANA_ON-PREMISE?version=2022
249,https://education.hana.ondemand.com/education/pub/s4/index.html?show=project!PR_EB000D56CCA3988C,Employee - Procurement,Creating Purchase Requisitions with Catalogs,Creating Purchase Requisitions with Catalogs,Procurement (MM-PUR),"Create shopping carts for catalogs, and generate purchase requisitions.",2026-02-27,https://help.sap.com/docs/SAP_S4HANA_ON-PREMISE?version=2022
250,https://education.hana.ondemand.com/education/pub/s4/index.html?show=project!PR_D41F82CBC37F1BB4,Employee - Procurement,Creating Purchase Requisitions with Enhanced Limit Items,Creating Purchase Requisitions with Enhanced Limit Items,Procurement (MM-PUR),"Create shopping carts for free text material, and generate purchase requisitions with enhanced limit items.",2026-02-27,https://help.sap.com/docs/SAP_S4HANA_ON-PREMISE?version=2022
251,https://education.hana.ondemand.com/education/pub/s4/index.html?show=project!PR_C364DF84B75BA1A2,Employee - Procurement,Creating Purchase Requisitions with Multiple Cost Centers,Creating Purchase Requisitions with Multiple Cost Centers,Procurement (MM-PUR),"Create shopping carts for free text material, and generate purchase requisitions (using multiple cost centers).",2026-02-27,https://help.sap.com/docs/SAP_S4HANA_ON-PREMISE?version=2022
252,https://education.hana.ondemand.com/education/pub/s4/index.html?show=project!PR_BA51C8067C6E6CBB,Employee - Procurement,Creating Purchase Requisitions with Single Cost Centers,Creating Purchase Requisitions with Single Cost Centers,Procurement (MM-PUR),"Create shopping carts for free text material, and generate purchase requisitions (using a single cost center).",2026-02-27,https://help.sap.com/docs/SAP_S4HANA_ON-PREMISE?version=2022
253,https://education.hana.ondemand.com/education/pub/s4/index.html?show=project!PR_7536A3AEC7F831A2,Purchaser,Creating Purchasing Contracts,Creating Purchasing Contracts,Procurement (MM-PUR),"Create a purchase contract by entering purchasing group, purchasing organization, supplier, payment terms, and item category details.",2026-02-27,https://help.sap.com/docs/SAP_S4HANA_ON-PREMISE?version=2022
254,https://education.hana.ondemand.com/education/pub/s4/index.html?show=project!PR_8F999E9B0A751CB5,Purchaser,Creating Purchasing Orders for External Processing,Creating Purchasing Orders for External Processing,Procurement (MM-PUR),Convert a purchase requisition into a purchase order.,2026-02-27,https://help.sap.com/docs/SAP_S4HANA_ON-PREMISE?version=2022
255,https://education.hana.ondemand.com/education/pub/s4/index.html?show=project!PR_74A364F16910879C,General Ledger Accountant,Creating Recurring Journal Entries,Creating Recurring Journal Entries,Finance - General Ledger (FI-GL),Create recurring journal entries.,2026-02-27,https://help.sap.com/docs/SAP_S4HANA_ON-PREMISE?version=2022
256,https://education.hana.ondemand.com/education/pub/s4/index.html?show=project!PR_C3E64A2CD4728186,Employee - Procurement,Creating Return Deliveries for HUB Purchase Requisitions,Creating Return Deliveries for HUB Purchase Requisitions,Procurement (MM-PUR),Initiate the Return Delivery process against a purchase requisition once the goods receipt is carried out.,2026-02-27,https://help.sap.com/docs/SAP_S4HANA_ON-PREMISE?version=2022
257,https://education.hana.ondemand.com/education/pub/s4/index.html?show=project!PR_12C6773535048AB5,Returns and Refund Clerk,Creating Return Orders (1Z3),Creating Return Orders (1Z3),Sales - Returns (SD-RET),Create and print return orders in accelerated third party returns.,2026-02-27,https://help.sap.com/docs/SAP_S4HANA_ON-PREMISE?version=2022
258,https://education.hana.ondemand.com/education/pub/s4/index.html?show=project!PR_D7D58D05F13D619E,Returns and Refund Clerk,Creating Return Orders (BKP),Creating Return Orders (BKP),Sales - Returns (SD-RET),Create a return sales order and perform material inspection at the customer site.,2026-02-27,https://help.sap.com/docs/SAP_S4HANA_ON-PREMISE?version=2022
259,https://education.hana.ondemand.com/education/pub/s4/index.html?show=project!PR_7D016DA8B0639EBB,Returns and Refund Clerk,Creating Return Orders (BKP),Creating Return Orders (BKP),Sales - Returns (SD-RET),Create a return order in the role of Returns and Refunds Clerk.,2026-02-27,https://help.sap.com/docs/SAP_S4HANA_ON-PREMISE?version=2022
260,https://education.hana.ondemand.com/education/pub/s4/index.html?show=project!PR_D62FB5574EB57CAC,Purchaser,Creating Return Purchase Orders,Creating Return Purchase Orders,Procurement (MM-PUR),Complete a return purchase order.,2026-02-27,https://help.sap.com/docs/SAP_S4HANA_ON-PREMISE?version=2022
261,https://education.hana.ondemand.com/education/pub/s4/index.html?show=project!PR_273B0B61BAFAABAB,,Creating Returns Delivery (BDD),Creating Returns Delivery (BDD),Cross-Functional,Create a return delievry using a return order.,2026-02-27,https://help.sap.com/docs/SAP_S4HANA_ON-PREMISE?version=2022
262,https://education.hana.ondemand.com/education/pub/s4/index.html?show=project!PR_2F397388EF99C18D,Returns and Refund Clerk,Creating Returns Orders (BDD),Creating Returns Orders (BDD),Sales - Returns (SD-RET),Create a return order sales document from reference.,2026-02-27,https://help.sap.com/docs/SAP_S4HANA_ON-PREMISE?version=2022
263,https://education.hana.ondemand.com/education/pub/s4/index.html?show=project!PR_63F82C6F2967C5AF,Production Supervisor - Discrete Manufacturing,Creating Rework Production Orders,Creating Rework Production Orders,Production (PP),Enter order information and select a production version.,2026-02-27,https://help.sap.com/docs/SAP_S4HANA_ON-PREMISE?version=2022
264,https://education.hana.ondemand.com/education/pub/s4/index.html?show=project!PR_78A33C59155B8998,Internal Sales Representative,Creating Sales Contracts (Quantity),Creating Sales Contracts (Quantity),Sales (SD),Create sales contracts (quantity) with billing plan.,2026-02-27,https://help.sap.com/docs/SAP_S4HANA_ON-PREMISE?version=2022
265,https://education.hana.ondemand.com/education/pub/s4/index.html?show=project!PR_47976C4F53E2148D,Internal Sales Representative,Creating Sales Inquiries,Creating Sales Inquiries,Sales (SD),Select and print a sales inquiry.,2026-02-27,https://help.sap.com/docs/SAP_S4HANA_ON-PREMISE?version=2022
266,https://education.hana.ondemand.com/education/pub/s4/index.html?show=project!PR_5552758EA419DB83,Internal Sales Representative,Creating Sales Order with Collective Billing,Creating Sales Order with Collective Billing,Sales (SD),Create standard sales orders with collective billing.,2026-02-27,https://help.sap.com/docs/SAP_S4HANA_ON-PREMISE?version=2022
267,https://education.hana.ondemand.com/education/pub/s4/index.html?show=project!PR_C210F2CF44BE87AC,Internal Sales Representative,Creating Sales Order with Invoice List,Creating Sales Order with Invoice List,Sales (SD),Create standard sales orders with invoice lists.,2026-02-27,https://help.sap.com/docs/SAP_S4HANA_ON-PREMISE?version=2022
268,https://education.hana.ondemand.com/education/pub/s4/index.html?show=project!PR_D4A05AB7115C17BB,Internal Sales Representative,Creating Sales Orders,Creating Sales Orders,Sales (SD),Create a sales order for material.,2026-02-27,https://help.sap.com/docs/SAP_S4HANA_ON-PREMISE?version=2022
269,https://education.hana.ondemand.com/education/pub/s4/index.html?show=project!PR_73396C831107AE9D,Internal Sales Representative,Creating Sales Orders,Creating Sales Orders,Sales (SD),Create a sales order in free goods processing.,2026-02-27,https://help.sap.com/docs/SAP_S4HANA_ON-PREMISE?version=2022
270,https://education.hana.ondemand.com/education/pub/s4/index.html?show=project!PR_7DE39ED93805F2AB,Internal Sales Representative,Creating Sales Orders (2EQ),Creating Sales Orders (2EQ),Sales (SD),Create sales orders for sale of services.,2026-02-27,https://help.sap.com/docs/SAP_S4HANA_ON-PREMISE?version=2022
271,https://education.hana.ondemand.com/education/pub/s4/index.html?show=project!PR_C92B797E02FD5583,Internal Sales Representative,Creating Sales Orders (2ET),Creating Sales Orders (2ET),Sales (SD),Create a sales order to handle both stock and non-stock items.,2026-02-27,https://help.sap.com/docs/SAP_S4HANA_ON-PREMISE?version=2022
272,https://education.hana.ondemand.com/education/pub/s4/index.html?show=project!PR_BE396EBF3F6DAC81,Internal Sales Representative,Creating Sales Orders (BDA),Creating Sales Orders (BDA),Sales (SD),Create a unique sales order type that allows free of charge orders.,2026-02-27,https://help.sap.com/docs/SAP_S4HANA_ON-PREMISE?version=2022
273,https://education.hana.ondemand.com/education/pub/s4/index.html?show=project!PR_C9D25A0770BD7CB2,Internal Sales Representative,Creating Sales Orders (BDH),Creating Sales Orders (BDH),Sales (SD),Create a sales order for a prospective customer.,2026-02-27,https://help.sap.com/docs/SAP_S4HANA_ON-PREMISE?version=2022
274,https://education.hana.ondemand.com/education/pub/s4/index.html?show=project!PR_9632AEF2746282AF,Internal Sales Representative,Creating Sales Orders (BDK),Creating Sales Orders (BDK),Sales (SD),Create a third-party sales order.,2026-02-27,https://help.sap.com/docs/SAP_S4HANA_ON-PREMISE?version=2022
275,https://education.hana.ondemand.com/education/pub/s4/index.html?show=project!PR_7058DB5F8E6EE280,Internal Sales Representative,Creating Sales Orders (BJE),Creating Sales Orders (BJE),Sales (SD),Create a sales order according to customer requirement.,2026-02-27,https://help.sap.com/docs/SAP_S4HANA_ON-PREMISE?version=2022
276,https://education.hana.ondemand.com/education/pub/s4/index.html?show=project!PR_8CD75224A492448A,Internal Sales Representative,Creating Sales Orders with Billing Plans,Creating Sales Orders with Billing Plans,Sales (SD),Generate a sales order and assign a billing plan.,2026-02-27,https://help.sap.com/docs/SAP_S4HANA_ON-PREMISE?version=2022
277,https://education.hana.ondemand.com/education/pub/s4/index.html?show=project!PR_70F230B9ED1E93AD,Internal Sales Representative,Creating Sales Orders with Delivery Block,Creating Sales Orders with Delivery Block,Sales (SD),Create a sales order with a delivery block.,2026-02-27,https://help.sap.com/docs/SAP_S4HANA_ON-PREMISE?version=2022
278,https://education.hana.ondemand.com/education/pub/s4/index.html?show=project!PR_61EDF41D0E22A6B6,Internal Sales Representative,Creating Sales Orders with One-time Payment Cards,Creating Sales Orders with One-time Payment Cards,Sales (SD),Create sales orders using a one-time electronic payment card.,2026-02-27,https://help.sap.com/docs/SAP_S4HANA_ON-PREMISE?version=2022
279,https://education.hana.ondemand.com/education/pub/s4/index.html?show=project!PR_CBDC689F84D1C2B0,Internal Sales Representative,Creating Sales Quantity Contracts,Creating Sales Quantity Contracts,Sales (SD),Create sales quantity contracts.,2026-02-27,https://help.sap.com/docs/SAP_S4HANA_ON-PREMISE?version=2022
280,https://education.hana.ondemand.com/education/pub/s4/index.html?show=project!PR_4AC987037D8AC590,Internal Sales Representative,Creating Sales Quotations,Creating Sales Quotations,Sales (SD),Create and print a sales quotation.,2026-02-27,https://help.sap.com/docs/SAP_S4HANA_ON-PREMISE?version=2022
281,https://education.hana.ondemand.com/education/pub/s4/index.html?show=project!PR_1E9AFF6F5C09FDA2,Internal Sales Representative,Creating Sales Value Contracts,Creating Sales Value Contracts,Sales (SD),Create a sales contract based on value.,2026-02-27,https://help.sap.com/docs/SAP_S4HANA_ON-PREMISE?version=2022
282,https://education.hana.ondemand.com/education/pub/s4/index.html?show=project!PR_59035E1136BCD3B9,Purchaser,Creating Scheduling Agreements with Release Documents,Creating Scheduling Agreements with Release Documents,Procurement (MM-PUR),Create a scheduling agreement for the material/supplier combination.,2026-02-27,https://help.sap.com/docs/SAP_S4HANA_ON-PREMISE?version=2022
283,https://education.hana.ondemand.com/education/pub/s4/index.html?show=project!PR_3DCBB6785E49E8BB,Purchaser,Creating Scheduling Agreements Without Release Documents,Creating Scheduling Agreements Without Release Documents,Procurement (MM-PUR),Create a scheduling agreement without release documentation.,2026-02-27,https://help.sap.com/docs/SAP_S4HANA_ON-PREMISE?version=2022
284,https://education.hana.ondemand.com/education/pub/s4/index.html?show=project!PR_D1E80DF57B6EF480,Strategic Buyer,Creating Sections and Questions in the Question Library,Creating Sections and Questions in the Question Library,Procurement (MM-PUR),Create sections and questions.,2026-02-27,https://help.sap.com/docs/SAP_S4HANA_ON-PREMISE?version=2022
285,https://education.hana.ondemand.com/education/pub/s4/index.html?show=project!PR_EF38D58DD6FB80A5,Accounts Payable Accountant,Creating Supplier Credit Memos  (1Z3),Creating Supplier Credit Memos  (1Z3),Finance - Accounts Payable (FI-AP),Create and post supplier credit memos in accelerated third party returns.,2026-02-27,https://help.sap.com/docs/SAP_S4HANA_ON-PREMISE?version=2022
286,https://education.hana.ondemand.com/education/pub/s4/index.html?show=project!PR_E852F752FF74418D,Strategic Buyer,Creating Supplier Evaluation Weighting and Scoring,Creating Supplier Evaluation Weighting and Scoring,Procurement (MM-PUR),Create supplier evaluation weighting and scoring.,2026-02-27,https://help.sap.com/docs/SAP_S4HANA_ON-PREMISE?version=2022
287,https://education.hana.ondemand.com/education/pub/s4/index.html?show=project!PR_B71E268483F6BC83,Accounts Payable Accountant,Creating Supplier Invoices (18J),Creating Supplier Invoices (18J),Finance - Accounts Payable (FI-AP),"Create, check, and post supplier invoices.",2026-02-27,https://help.sap.com/docs/SAP_S4HANA_ON-PREMISE?version=2022
288,https://education.hana.ondemand.com/education/pub/s4/index.html?show=project!PR_95280F0D7B683285,Accounts Payable Accountant,Creating Supplier Invoices (BDK),Creating Supplier Invoices (BDK),Finance - Accounts Payable (FI-AP),Create a supplier invoice with PO/GR relation.,2026-02-27,https://help.sap.com/docs/SAP_S4HANA_ON-PREMISE?version=2022
289,https://education.hana.ondemand.com/education/pub/s4/index.html?show=project!PR_B9B55BBC76E65191,Accounts Payable Accountant,Creating Supplier Invoices (BMD),Creating Supplier Invoices (BMD),Finance - Accounts Payable (FI-AP),Create a supplier invoice for a purchase contract.,2026-02-27,https://help.sap.com/docs/SAP_S4HANA_ON-PREMISE?version=2022
290,https://education.hana.ondemand.com/education/pub/s4/index.html?show=project!PR_B0758F5D7C550EAA,Accounts Payable Accountant,Creating Supplier Invoices (BMY),Creating Supplier Invoices (BMY),Finance - Accounts Payable (FI-AP),Perform invoice verification.,2026-02-27,https://help.sap.com/docs/SAP_S4HANA_ON-PREMISE?version=2022
291,https://education.hana.ondemand.com/education/pub/s4/index.html?show=project!PR_2607E21E9D37959E,Accounts Payable Accountant,Creating Supplier Invoices for Down Payments,Creating Supplier Invoices for Down Payments,Finance - Accounts Payable (FI-AP),Create the supplier invoice for down payment purchase order.,2026-02-27,https://help.sap.com/docs/SAP_S4HANA_ON-PREMISE?version=2022
292,https://education.hana.ondemand.com/education/pub/s4/index.html?show=project!PR_16DADF7C2B3C9BAE,Accounts Payable Accountant,Creating Supplier Invoices for Limit Items,Creating Supplier Invoices for Limit Items,Finance - Accounts Payable (FI-AP),Perform the invoice verification for limit items.,2026-02-27,https://help.sap.com/docs/SAP_S4HANA_ON-PREMISE?version=2022
293,https://education.hana.ondemand.com/education/pub/s4/index.html?show=project!PR_13332CD4D547359A,Accounts Payable Accountant,Creating Supplier Invoices for Service Purchase Orders,Creating Supplier Invoices for Service Purchase Orders,Finance - Accounts Payable (FI-AP),Generate a supplier invoice for service purchase orders in procurement of services.,2026-02-27,https://help.sap.com/docs/SAP_S4HANA_ON-PREMISE?version=2022
294,https://education.hana.ondemand.com/education/pub/s4/index.html?show=project!PR_580452B9B607FCAC,Accounts Payable Accountant,Creating Supplier Invoices with PO/GR Relation (BNX),Creating Supplier Invoices with PO/GR Relation (BNX),Finance - Accounts Payable (FI-AP),Create a supplier invoice with PO/GR relation.,2026-02-27,https://help.sap.com/docs/SAP_S4HANA_ON-PREMISE?version=2022
295,https://education.hana.ondemand.com/education/pub/s4/index.html?show=project!PR_2169F3093A6BDAA0,Accounts Payable Accountant,Creating Supplier Invoices with PO/GR Relation (J45),Creating Supplier Invoices with PO/GR Relation (J45),Finance - Accounts Payable (FI-AP),Create a supplier invoice and reference the purchase order that relates to the supplier invoice. Manually block the invoice.,2026-02-27,https://help.sap.com/docs/SAP_S4HANA_ON-PREMISE?version=2022
296,https://education.hana.ondemand.com/education/pub/s4/index.html?show=project!PR_DF230D7F692184B7,Purchaser,Creating Supplier Quotations,Creating Supplier Quotations,Procurement (MM-PUR),Create a supplier quotation for the corresponding supplier with price.,2026-02-27,https://help.sap.com/docs/SAP_S4HANA_ON-PREMISE?version=2022
297,https://education.hana.ondemand.com/education/pub/s4/index.html?show=project!PR_A97C373AC2190A8B,Internal Sales Representative,Creating Third-Party Sales Orders,Creating Third-Party Sales Orders,Sales (SD),Showing how to create a third-party sales order.,2026-02-27,https://help.sap.com/docs/SAP_S4HANA_ON-PREMISE?version=2022
298,https://education.hana.ondemand.com/education/pub/s4/index.html?show=slide!SL_A1D38EA726F69FB9,"Credit Controller,Internal Sales Representative",Credit Management,Credit Management,Controlling - Profitability Analysis (CO-PA),Manage and calculate credit limits for customers and check the credit limit when sales documents are created or changed.,2026-02-27,https://help.sap.com/docs/SAP_S4HANA_ON-PREMISE?version=2022
299,https://education.hana.ondemand.com/education/pub/s4/index.html?show=slide!SL_7B78B7EEF091FFB3,"Internal Sales Representative,Sales Manager,Billing Clerk",Credit Memo Processing,Credit Memo Processing,Sales - Billing (SD-BIL),Create a credit memo request with the amount to be credited and place it on a billing block for review.,2026-02-27,https://help.sap.com/docs/SAP_S4HANA_ON-PREMISE?version=2022
300,https://education.hana.ondemand.com/education/pub/s4/index.html?show=slide!SL_BBAE5079DA1D86B1,"Returns and Refund Clerk ,Accounts Payable Accountant",Customer Returns with Direct Shipment from Customer to Supplier,Customer Returns with Direct Shipment from Customer to Supplier,Finance - Accounts Payable (FI-AP),Materials are shipped to the customer via third-party delivery. The customer returns these materials directly to the supplier.,2026-02-27,https://help.sap.com/docs/SAP_S4HANA_ON-PREMISE?version=2022
301,https://education.hana.ondemand.com/education/pub/s4/index.html?show=slide!SL_90638BD89C7EEC96,"Internal Sales Representative,Billing Clerk",Debit Memo Processing,Debit Memo Processing,Sales - Billing (SD-BIL),"A debit memo request is created with the amount to be debited, and placed on a billing block for review. It is then released to become billing relevant, and appear on the billing due list. Periodic billing process creates a debit memo to be sent to the customer, and posts a journal entry.",2026-02-27,https://help.sap.com/docs/SAP_S4HANA_ON-PREMISE?version=2022
302,https://education.hana.ondemand.com/education/pub/s4/index.html?show=project!PR_E6ACB77ED1A784B2,Inventory Manager,Defining Cycle Counting Classification,Defining Cycle Counting Classification,Inventory Management (MM-IM),Maintain Cycle Counting Indicator via Cycle Counting - Classification.,2026-02-27,https://help.sap.com/docs/SAP_S4HANA_ON-PREMISE?version=2022
303,https://education.hana.ondemand.com/education/pub/s4/index.html?show=project!PR_68215CDCB843ECAB,Asset Accountant,Defining Distribution Rules for Assets Under Construction,Defining Distribution Rules for Assets Under Construction,Finance - Asset Accounting (FI-AA),Maintain the settlement rules for an asset under construction.,2026-02-27,https://help.sap.com/docs/SAP_S4HANA_ON-PREMISE?version=2022
304,https://education.hana.ondemand.com/education/pub/s4/index.html?show=project!PR_41057A28F5EC5F92,Asset Accountant,Defining Distribution Rules for AuC (Periodic Processing),Defining Distribution Rules for AuC (Periodic Processing),Finance - Asset Accounting (FI-AA),Maintain the settlement rules for the asset under construction.,2026-02-27,https://help.sap.com/docs/SAP_S4HANA_ON-PREMISE?version=2022
305,https://education.hana.ondemand.com/education/pub/s4/index.html?show=project!PR_DCD01094C6C25393,"Configuration Expert - Business Process Configuration, General Ledger Accountant",Defining Your Own Statements of Change Types,Defining Your Own Statements of Change Types,Finance - General Ledger (FI-GL),Maintain your own statement of changes report structure by defining specific change types.,2026-02-27,https://help.sap.com/docs/SAP_S4HANA_ON-PREMISE?version=2022
306,https://education.hana.ondemand.com/education/pub/s4/index.html?show=project!PR_E5D96913F7C0A6B0,General Ledger Accountant,Deleting Actual General Ledger Distribution Cycles,Deleting Actual General Ledger Distribution Cycles,Finance - General Ledger (FI-GL),Delete actual general ledger distribution cycles.,2026-02-27,https://help.sap.com/docs/SAP_S4HANA_ON-PREMISE?version=2022
307,https://education.hana.ondemand.com/education/pub/s4/index.html?show=project!PR_8EAB067207665CB3,Accounts Payable Accountant,Deleting Bank Chains,Deleting Bank Chains,Finance - Accounts Payable (FI-AP),Delete a bank chain.,2026-02-27,https://help.sap.com/docs/SAP_S4HANA_ON-PREMISE?version=2022
308,https://education.hana.ondemand.com/education/pub/s4/index.html?show=project!PR_F879D6086D9010AE,Production Engineer,Deleting Reference Operation Set from Routing,Deleting Reference Operation Set from Routing,Production (PP),Delete a trigger point from routing.,2026-02-27,https://help.sap.com/docs/SAP_S4HANA_ON-PREMISE?version=2022
309,https://education.hana.ondemand.com/education/pub/s4/index.html?show=slide!SL_D1867043958218A,"Shipping Specialist,Billing Clerk",Delivery Processing Without Order Reference,Delivery Processing Without Order Reference,Sales - Billing (SD-BIL),Process deliveries without an order reference.,2026-02-27,https://help.sap.com/docs/SAP_S4HANA_ON-PREMISE?version=2022
310,https://education.hana.ondemand.com/education/pub/s4/index.html?show=project!PR_CA62CF273CACFE9E,Asset Accountant,Depreciating Lists,Depreciating Lists - Year End Closing,Finance - Asset Accounting (FI-AA),Search for a depreciation and view values for a depreciation area.,2026-02-27,https://help.sap.com/docs/SAP_S4HANA_ON-PREMISE?version=2022
311,https://education.hana.ondemand.com/education/pub/s4/index.html?show=project!PR_A04472C72AB5A085,Inventory Accountant,Determining Lowest Value by Movement Rate,Determining Lowest Value by Movement Rate,Finance - General Ledger (FI-GL),Choose the criteria for determining the lowest value and determine the lowest value based on movement rate.,2026-02-27,https://help.sap.com/docs/SAP_S4HANA_ON-PREMISE?version=2022
312,https://education.hana.ondemand.com/education/pub/s4/index.html?show=project!PR_B8595FB7CD0548B3,Inventory Accountant,Determining Lowest Value by Range of Coverage,Determining Lowest Value by Range of Coverage,Finance - General Ledger (FI-GL),Choose the criteria for determining the lowest value and determine the lowest value based on range of coverage.,2026-02-27,https://help.sap.com/docs/SAP_S4HANA_ON-PREMISE?version=2022
313,https://education.hana.ondemand.com/education/pub/s4/index.html?show=project!PR_E9705F70EB273283,Returns and Refund Clerk,Determining Refund Decisions (BKP),Determining Refund Decisions (BKP),Sales - Returns (SD-RET),Determine a refund and display the details of the follow-up documentation.,2026-02-27,https://help.sap.com/docs/SAP_S4HANA_ON-PREMISE?version=2022
314,https://education.hana.ondemand.com/education/pub/s4/index.html?show=project!PR_3F92FA8D9E98FBA0,Returns and Refund Clerk,Determining Refunds,Determining Refunds,Sales - Returns (SD-RET),Determine the percentage refund to a customer for returned items.,2026-02-27,https://help.sap.com/docs/SAP_S4HANA_ON-PREMISE?version=2022
315,https://education.hana.ondemand.com/education/pub/s4/index.html?show=project!PR_443F1EBD7FDB88AB,Cost Accountant - Inventory,Determining the Lowest Value Market Prices (BEJ),Determining the Lowest Value Market Prices (BEJ),Finance - General Ledger (FI-GL),Choose the criteria for determining the lowest value and determine the lowest value based on market prices in inventory valuation for year-end closing.,2026-02-27,https://help.sap.com/docs/SAP_S4HANA_ON-PREMISE?version=2022
316,https://education.hana.ondemand.com/education/pub/s4/index.html?show=slide!SL_18E058591D33C3AE,"Master Data Specialist - Business Partner Data,Accounts Receivable Accountant,Accounts Receivable Manager",Direct Debit for non-SEPA Countries,Direct Debit for non-SEPA Countries,Finance - Accounts Receivable (FI-AR),Use direct debit to collect payments from your customers in non-Single Euro Payments Area (SEPA) countries in your local currency.,2026-02-27,https://help.sap.com/docs/SAP_S4HANA_ON-PREMISE?version=2022
317,https://education.hana.ondemand.com/education/pub/s4/index.html?show=project!PR_5F9A784AAE936A8A,General Ledger Accountant,Discounting Long-Term Assets and Liabilities,Discounting Long-Term Assets and Liabilities,Finance - General Ledger (FI-GL),Discount long-term assets and liabilities.,2026-02-27,https://help.sap.com/docs/SAP_S4HANA_ON-PREMISE?version=2022
318,https://education.hana.ondemand.com/education/pub/s4/index.html?show=project!PR_B320D4F7ACC7CE80,Returns and Refund Clerk,Displaying a Return Overview (BKP),Displaying a Return Overview (BKP),Sales - Returns (SD-RET),Display a return overview and view the process flow.,2026-02-27,https://help.sap.com/docs/SAP_S4HANA_ON-PREMISE?version=2022
319,https://education.hana.ondemand.com/education/pub/s4/index.html?show=project!PR_3C7A129EF7E6E9A5,General Ledger Accountant,Displaying Actual General Ledger Distribution Cycles,Displaying Actual General Ledger Distribution Cycles,Finance - General Ledger (FI-GL),Display actual general ledger distribution cycles.,2026-02-27,https://help.sap.com/docs/SAP_S4HANA_ON-PREMISE?version=2022
320,https://education.hana.ondemand.com/education/pub/s4/index.html?show=project!PR_ADB2815CB2FC6A9C,Quality Technician,Displaying an Inspection Plan for Inspection Characteristics,Displaying an Inspection Plan for Inspection Characteristics,Quality Management (QM),Review the inspection plan that is related to the semifinished goods.,2026-02-27,https://help.sap.com/docs/SAP_S4HANA_ON-PREMISE?version=2022
321,https://education.hana.ondemand.com/education/pub/s4/index.html?show=project!PR_B69F2B53F949F5A8,Quality Technician,Displaying an Open Inspection Lot,Displaying an Open Inspection Lot,Quality Management (QM),Review the sample size used for the quality inspection.,2026-02-27,https://help.sap.com/docs/SAP_S4HANA_ON-PREMISE?version=2022
322,https://education.hana.ondemand.com/education/pub/s4/index.html?show=project!PR_F35EB0CF199C5B8A,Cash Management Specialist,Displaying Bank Statements,Displaying Bank Statements,Treasury (TR),Display bank statements for specified bank accounts.,2026-02-27,https://help.sap.com/docs/SAP_S4HANA_ON-PREMISE?version=2022
323,https://education.hana.ondemand.com/education/pub/s4/index.html?show=project!PR_E4881F1D0B7A5BAC,Billing Clerk,Displaying Billing Documents,Displaying Billing Documents,Sales - Billing (SD-BIL),Preview a billing document.,2026-02-27,https://help.sap.com/docs/SAP_S4HANA_ON-PREMISE?version=2022
324,https://education.hana.ondemand.com/education/pub/s4/index.html?show=project!PR_32BEE7F708599D9B,General Ledger Accountant,Displaying Changes to General Ledger Accounts,Displaying Changes to General Ledger Accounts,Finance - General Ledger (FI-GL),Log all changes to G/L master records.,2026-02-27,https://help.sap.com/docs/SAP_S4HANA_ON-PREMISE?version=2022
325,https://education.hana.ondemand.com/education/pub/s4/index.html?show=project!PR_29F4C1E77E80D2BA,Accounts Receivable Accountant,Displaying Customer Balances (19M),Displaying Customer Balances (19M),Finance - Accounts Receivable (FI-AR),View a customer balance in direct debit.,2026-02-27,https://help.sap.com/docs/SAP_S4HANA_ON-PREMISE?version=2022
326,https://education.hana.ondemand.com/education/pub/s4/index.html?show=project!PR_691AF3A3D34260B1,Accounts Receivable Accountant,Displaying Customer Balances (J59),Displaying Customer Balances (J59),Finance - Accounts Receivable (FI-AR),"Display customer balances, and explore the different balance views.",2026-02-27,https://help.sap.com/docs/SAP_S4HANA_ON-PREMISE?version=2022
327,https://education.hana.ondemand.com/education/pub/s4/index.html?show=project!PR_42F514047BB38AA6,General Ledger Accountant,Displaying Document Flows,Displaying Document Flows,Finance - General Ledger (FI-GL),View the accounting impact of the documents with the ‘display as T-accounts’ option.,2026-02-27,https://help.sap.com/docs/SAP_S4HANA_ON-PREMISE?version=2022
328,https://education.hana.ondemand.com/education/pub/s4/index.html?show=project!PR_EC731EC5B4309FBD,Cost Accountant - Inventory,Displaying FIFO Results (BEJ),Displaying FIFO Results (BEJ),Finance - General Ledger (FI-GL),Create a report to show all receipts considered relevant for FIFO in inventory valuation for year-end closing.,2026-02-27,https://help.sap.com/docs/SAP_S4HANA_ON-PREMISE?version=2022
329,https://education.hana.ondemand.com/education/pub/s4/index.html?show=project!PR_867ADF3CE02165B1,General Ledger Accountant,Displaying Financial Statements,Displaying Financial Statements,Finance - General Ledger (FI-GL),Display financial statements.,2026-02-27,https://help.sap.com/docs/SAP_S4HANA_ON-PREMISE?version=2022
330,https://education.hana.ondemand.com/education/pub/s4/index.html?show=project!PR_F12174610CF3C199,Intrastat Specialist,Displaying Intrastat Declarations,Displaying Intrastat Declarations,General,Display intrastat declarations that were created manually or generated automatically as a background job.,2026-02-27,https://help.sap.com/docs/SAP_S4HANA_ON-PREMISE?version=2022
331,https://education.hana.ondemand.com/education/pub/s4/index.html?show=project!PR_F3C5DF6FB2F54182,Accounts Payable Manager,Displaying Item Change Logs,Displaying Item Change Logs,Finance - Accounts Payable (FI-AP),Sort and analyze logged changes for journal entries.,2026-02-27,https://help.sap.com/docs/SAP_S4HANA_ON-PREMISE?version=2022
332,https://education.hana.ondemand.com/education/pub/s4/index.html?show=project!PR_3678DBB4B34FD7B2,General Ledger Accountant,Displaying Journal Entries in T-Account View,Displaying Journal Entries in T-Account View,Finance - General Ledger (FI-GL),Use T-account visualization control to better understand the impact of a selected set of accounting documents that are typically related.,2026-02-27,https://help.sap.com/docs/SAP_S4HANA_ON-PREMISE?version=2022
333,https://education.hana.ondemand.com/education/pub/s4/index.html?show=project!PR_A109730F40888B7,General Ledger Accountant,Displaying Line Item Entries,Displaying Line Item Entries,Finance - General Ledger (FI-GL),"Display open, cleared, or all line items of general ledger  accounts in the reporting view.",2026-02-27,https://help.sap.com/docs/SAP_S4HANA_ON-PREMISE?version=2022
334,https://education.hana.ondemand.com/education/pub/s4/index.html?show=project!PR_A2D1A9DA45E14FBE,General Ledger Accountant,Displaying Line Items in General Ledger,Displaying Line Items in General Ledger,Finance - General Ledger (FI-GL),View the general ledger account balances.,2026-02-27,https://help.sap.com/docs/SAP_S4HANA_ON-PREMISE?version=2022
335,https://education.hana.ondemand.com/education/pub/s4/index.html?show=project!PR_2787C01EDAB7AE9D,Purchaser,Displaying Lists of Purchase Requisitions to be Assigned,Displaying Lists of Purchase Requisitions to be Assigned,Procurement (MM-PUR),This activity is performed when you want to review your Purchase Requisitions and assign them to a vendor.,2026-02-27,https://help.sap.com/docs/SAP_S4HANA_ON-PREMISE?version=2022
336,https://education.hana.ondemand.com/education/pub/s4/index.html?show=project!PR_A4918AD78771A694,Warehouse Clerk,Displaying Material Stock after Quality Inspection,Displaying Material Stock after Quality Inspection,Warehouse Management (WM),Review the material stock to check the material movement that has been done based on the usage decision codes.,2026-02-27,https://help.sap.com/docs/SAP_S4HANA_ON-PREMISE?version=2022
337,https://education.hana.ondemand.com/education/pub/s4/index.html?show=project!PR_75FF3A5ECE5748BF,Material Planner - External Procurement,Displaying MRP Run Key Figures,Displaying MRP Run Key Figures,Procurement (MM-PUR),Open the MRP run log and check details.,2026-02-27,https://help.sap.com/docs/SAP_S4HANA_ON-PREMISE?version=2022
338,https://education.hana.ondemand.com/education/pub/s4/index.html?show=project!PR_F61DAD6C87C4C894,Material Planner - External Procurement,Displaying MRP Run Material Issues,Displaying MRP Run Material Issues,Procurement (MM-PUR),Check the issues during MRP runs.,2026-02-27,https://help.sap.com/docs/SAP_S4HANA_ON-PREMISE?version=2022
339,https://education.hana.ondemand.com/education/pub/s4/index.html?show=project!PR_51F34D64197B4FA1,Warehouse Clerk,Displaying Pallets Stock,Displaying Pallets Stock,Warehouse Management (WM),View the quantity of pallet stock available in a plant.,2026-02-27,https://help.sap.com/docs/SAP_S4HANA_ON-PREMISE?version=2022
340,https://education.hana.ondemand.com/education/pub/s4/index.html?show=project!PR_16FB67BC7153B9BD,Strategic Buyer,Displaying Parts Per Million Evaluation Scores,Displaying Parts Per Million Evaluation Scores,Procurement (MM-PUR),Display parts per million evaluation scores.,2026-02-27,https://help.sap.com/docs/SAP_S4HANA_ON-PREMISE?version=2022
341,https://education.hana.ondemand.com/education/pub/s4/index.html?show=project!PR_DAE64E8C355829B1,Inventory Manager,Displaying Physical Inventory Document Object Page,Displaying Physical Inventory Document Object Page,Inventory Management (MM-IM),Display details of physical inventory document object page.,2026-02-27,https://help.sap.com/docs/SAP_S4HANA_ON-PREMISE?version=2022
342,https://education.hana.ondemand.com/education/pub/s4/index.html?show=project!PR_9B995A7691F95EB5,Sales Manager,Displaying Quotation Conversion Rates,Displaying Quotation Conversion Rates,Sales (SD),"Displays the Key Performance Indicator (KPI) Quotation Conversion Rates. It indicates the percentage of net value of orders that have been converted from a quotation, based on the total net value of the quotation. Tracking in real time, to what extent your quotations are being referenced before expiring.",2026-02-27,https://help.sap.com/docs/SAP_S4HANA_ON-PREMISE?version=2022
343,https://education.hana.ondemand.com/education/pub/s4/index.html?show=project!PR_78DD6EA6C449C99F,General Ledger Accountant,Displaying Recurring Journal Entries,Displaying Recurring Journal Entries,Finance - General Ledger (FI-GL),Display recurring journal entries.,2026-02-27,https://help.sap.com/docs/SAP_S4HANA_ON-PREMISE?version=2022
344,https://education.hana.ondemand.com/education/pub/s4/index.html?show=project!PR_33B1DC3F38B98CA2,Maintenance Planner,Displaying Serial Number Data,Displaying Serial Number Data,Plant Maintenance (PM),"Display the serial number history, status, action log, and changes.",2026-02-27,https://help.sap.com/docs/SAP_S4HANA_ON-PREMISE?version=2022
345,https://education.hana.ondemand.com/education/pub/s4/index.html?show=project!PR_E0A9C064C9FAA8BC,General Ledger Accountant,Displaying Statements of Change,Displaying Statements of Change,Finance - General Ledger (FI-GL),Analyze the general ledger account postings by transaction type.,2026-02-27,https://help.sap.com/docs/SAP_S4HANA_ON-PREMISE?version=2022
346,https://education.hana.ondemand.com/education/pub/s4/index.html?show=project!PR_671F09047359FC8A,Accounts Payable Accountant,Displaying Supplier Lists,Displaying Supplier Lists,Finance - Accounts Payable (FI-AP),"Display the supplier list and view additional information for a supplier, such as the bank key, bank account, payment methods, posting block or deletion flag.",2026-02-27,https://help.sap.com/docs/SAP_S4HANA_ON-PREMISE?version=2022
347,https://education.hana.ondemand.com/education/pub/s4/index.html?show=project!PR_CEBC66BB529851A7,Purchaser,Displaying Supplier Quotations,Displaying Supplier Quotations,Procurement (MM-PUR),Select the target request for quotations and display the supplier quotations.,2026-02-27,https://help.sap.com/docs/SAP_S4HANA_ON-PREMISE?version=2022
348,https://education.hana.ondemand.com/education/pub/s4/index.html?show=project!PR_ED987690492ECD9B,Asset Accountant,Displaying the Asset Master Worklist,Displaying the Asset Master Worklist,Finance - Asset Accounting (FI-AA),View the asset master worklist in asset accounting.,2026-02-27,https://help.sap.com/docs/SAP_S4HANA_ON-PREMISE?version=2022
349,https://education.hana.ondemand.com/education/pub/s4/index.html?show=project!PR_CE1DB84DC7D5A4B7,Purchaser,Displaying the List of Purchase Requisitions to be Assigned,Displaying the List of Purchase Requisitions to be Assigned,Procurement (MM-PUR),Assign a source of supply for purchase requisitions.,2026-02-27,https://help.sap.com/docs/SAP_S4HANA_ON-PREMISE?version=2022
350,https://education.hana.ondemand.com/education/pub/s4/index.html?show=project!PR_29BF49E34704ECBF,,Displaying the Release Change Report,Displaying the Release Change Report,Cross-Functional,Display a list with each tutorial type with the release changes information   .,2026-02-27,https://help.sap.com/docs/SAP_S4HANA_ON-PREMISE?version=2022
351,https://education.hana.ondemand.com/education/pub/s4/index.html?show=project!PR_25AAC5BA029CAB86,Strategic Buyer,Displaying the Supplier Evaluation Score by User-Defined Criteria,Displaying the Supplier Evaluation Score by User-Defined Criteria,Procurement (MM-PUR),Display the supplier evaluation score by user-defined criteria.,2026-02-27,https://help.sap.com/docs/SAP_S4HANA_ON-PREMISE?version=2022
352,https://education.hana.ondemand.com/education/pub/s4/index.html?show=project!PR_7B4C097C6BEF65B8,General Ledger Accountant,Downloading and Printing Financial Statements,Downloading and Printing Financial Statements,Finance - General Ledger (FI-GL),View financial statements and export them as Excel files.,2026-02-27,https://help.sap.com/docs/SAP_S4HANA_ON-PREMISE?version=2022
353,https://education.hana.ondemand.com/education/pub/s4/index.html?show=project!PR_3D94D5361E2682B2,Design Engineer,Downloading Attachments,Downloading Attachments,General,Download original files from multiple documents at one go. Downloaded documents can be shared externally for document updates.,2026-02-27,https://help.sap.com/docs/SAP_S4HANA_ON-PREMISE?version=2022
354,https://education.hana.ondemand.com/education/pub/s4/index.html?show=project!PR_567703A34EB0C886,Cash Management Specialist,Downloading Payment Medium Files,Downloading Payment Medium Files,Treasury (TR),Download existing payment medium files (DME files).,2026-02-27,https://help.sap.com/docs/SAP_S4HANA_ON-PREMISE?version=2022
355,https://education.hana.ondemand.com/education/pub/s4/index.html?show=project!PR_6D241B1B123249B9,Divisional Accountant,Editing Company Code Assignment Profit Centers,Editing Company Code Assignment Profit Centers,Finance - General Ledger (FI-GL),Change the company code assignments for a large number of profit centers without having to change the master data for each single profit center.,2026-02-27,https://help.sap.com/docs/SAP_S4HANA_ON-PREMISE?version=2022
356,https://education.hana.ondemand.com/education/pub/s4/index.html?show=project!PR_269840ED536E15BD,Divisional Accountant,Editing Profit Centers (Collective),Editing Profit Centers (Collective),Finance - General Ledger (FI-GL),Make changes to large quantities of profit center master data without having to change the master data for each single profit center.,2026-02-27,https://help.sap.com/docs/SAP_S4HANA_ON-PREMISE?version=2022
357,https://education.hana.ondemand.com/education/pub/s4/index.html?show=project!PR_7C6E6E31AE66578B,General Ledger Accountant,Editing Recurring Journal Entries,Editing Recurring Journal Entries,Finance - General Ledger (FI-GL),Edit recurring journal entries.,2026-02-27,https://help.sap.com/docs/SAP_S4HANA_ON-PREMISE?version=2022
358,https://education.hana.ondemand.com/education/pub/s4/index.html?show=project!PR_82ABF8407DEF05B8,General Ledger Accountant,Editing Rejected Verified General Journal Entries (Requestor),Editing Rejected Verified General Journal Entries (Requestor),Finance - General Ledger (FI-GL),Edit rejected general journal entries so that they can be verified.,2026-02-27,https://help.sap.com/docs/SAP_S4HANA_ON-PREMISE?version=2022
359,https://education.hana.ondemand.com/education/pub/s4/index.html?show=slide!SL_70DA64695BEA55B7,"Master Data Specialist - Business Partner Data,Internal Sales Representative",Electronic Payment,Electronic Payment,Sales (SD),"Create new sales orders using saved payment details or one-off payment cards. Review, release, or reject sales orders.",2026-02-27,https://help.sap.com/docs/SAP_S4HANA_ON-PREMISE?version=2022
360,https://education.hana.ondemand.com/education/pub/s4/index.html?show=project!PR_115BA50CF5D5209E,Billing Clerk,Emailing Billing Documents,Emailing Billing Documents,Sales - Billing (SD-BIL),Send a billing document by email.,2026-02-27,https://help.sap.com/docs/SAP_S4HANA_ON-PREMISE?version=2022
361,https://education.hana.ondemand.com/education/pub/s4/index.html?show=slide!SL_8584DD5F24CDC7AC,BOM Engineer,Engineering Bill of Material,Engineering Bill of Material - Change Master Management,Production (PP),"Perform the two central PLM BOM processes: setup and release steps for change master controlled engineering BOM, and change iteration.",2026-02-27,https://help.sap.com/docs/SAP_S4HANA_ON-PREMISE?version=2022
362,https://education.hana.ondemand.com/education/pub/s4/index.html?show=project!PR_BDF12D0815938C93,"Administrator, Cash Management Specialist",Enhancing Fields for Bank Account Master Data,Enhancing Fields for Bank Account Master Data,Configuration / Basis,Create custom fields. Define and set default values for the fields.,2026-02-27,https://help.sap.com/docs/SAP_S4HANA_ON-PREMISE?version=2022
363,https://education.hana.ondemand.com/education/pub/s4/index.html?show=project!PR_1E624CE1C7E31783,Cost Accountant - Overhead,Entering an Activity Price,Entering an Activity Price,Finance - General Ledger (FI-GL),Change the prices for activity types.,2026-02-27,https://help.sap.com/docs/SAP_S4HANA_ON-PREMISE?version=2022
364,https://education.hana.ondemand.com/education/pub/s4/index.html?show=project!PR_4F3967DFA33A10BC,Inventory Accountant,Entering Future Prices,Entering Future Prices,Finance - General Ledger (FI-GL),Change future valuation prices in the material master record.,2026-02-27,https://help.sap.com/docs/SAP_S4HANA_ON-PREMISE?version=2022
365,https://education.hana.ondemand.com/education/pub/s4/index.html?show=project!PR_B6B048AA455C869D,Accounts Payable Accountant,Entering Incoming Supplier Invoices,Entering Incoming Supplier Invoices,Finance - Accounts Payable (FI-AP),Enter an invoice for goods received.,2026-02-27,https://help.sap.com/docs/SAP_S4HANA_ON-PREMISE?version=2022
366,https://education.hana.ondemand.com/education/pub/s4/index.html?show=project!PR_8E8959F7176018AE,Warehouse Clerk,Entering Inventory Count,Entering Inventory Count,Warehouse Management (WM),Enter the results of a manual count into the system.,2026-02-27,https://help.sap.com/docs/SAP_S4HANA_ON-PREMISE?version=2022
367,https://education.hana.ondemand.com/education/pub/s4/index.html?show=project!PR_FF4F2A1D73B368AE,Warehouse Clerk,Entering Inventory Counts (BML),Entering Inventory Counts (BML),Warehouse Management (WM),Enter the results of a manual count into the system.,2026-02-27,https://help.sap.com/docs/SAP_S4HANA_ON-PREMISE?version=2022
368,https://education.hana.ondemand.com/education/pub/s4/index.html?show=project!PR_4909071544B14C94,Accounts Payable Accountant,Entering Invoices for One-Time Suppliers Without a Purchase Order,Entering Invoices for One-Time Suppliers Without a Purchase Order,Finance - Accounts Payable (FI-AP),Create an invoice for a one-time supplier without a purchase order and add bank details for the vendor.,2026-02-27,https://help.sap.com/docs/SAP_S4HANA_ON-PREMISE?version=2022
369,https://education.hana.ondemand.com/education/pub/s4/index.html?show=project!PR_A37AB62CB0D33CAA,Accounts Payable Accountant,Entering Invoices Without a Purchase Order,Entering Invoices Without a Purchase Order,Finance - Accounts Payable (FI-AP),Enter a supplier invoice without a reference to a purchase order and assign the supplier invoice to a cost center.,2026-02-27,https://help.sap.com/docs/SAP_S4HANA_ON-PREMISE?version=2022
370,https://education.hana.ondemand.com/education/pub/s4/index.html?show=project!PR_281D3945FAB0888F,Accounts Payable Accountant,Entering Vendor Invoices,Entering Vendor Invoices,Finance - Accounts Payable (FI-AP),Enter a vendor invoice.,2026-02-27,https://help.sap.com/docs/SAP_S4HANA_ON-PREMISE?version=2022
371,https://education.hana.ondemand.com/education/pub/s4/index.html?show=project!PR_83274E81E27765BF,Material Planner - External Procurement,Evaluating MRP Results (Delivery Schedule),Evaluating MRP Results (Delivery Schedule),Procurement (MM-PUR),Evaluate MRP results for materials with delivery schedules.,2026-02-27,https://help.sap.com/docs/SAP_S4HANA_ON-PREMISE?version=2022
372,https://education.hana.ondemand.com/education/pub/s4/index.html?show=project!PR_D5008BCF065199B7,Material Planner - External Procurement,Evaluating MRP Results (Purchase Requisitions),Evaluating MRP Results (Purchase Requisitions),Procurement (MM-PUR),Check the material shortages and adjust or correct the material shortages.,2026-02-27,https://help.sap.com/docs/SAP_S4HANA_ON-PREMISE?version=2022
373,https://education.hana.ondemand.com/education/pub/s4/index.html?show=project!PR_852FC8F6040A7AB,Production Planner,Evaluating Stock and Requirements,Evaluating Stock and Requirements,Production (PP),View the available stock and planned requirements for materials in discrete manufacturing.,2026-02-27,https://help.sap.com/docs/SAP_S4HANA_ON-PREMISE?version=2022
374,https://education.hana.ondemand.com/education/pub/s4/index.html?show=project!PR_FF54A3C30319CB89,Material Planner - External Procurement,Evaluating the Stock/Requirement Situation,Evaluating the Stock/Requirement Situation,Procurement (MM-PUR),Display the stock/requirement situation for a material.,2026-02-27,https://help.sap.com/docs/SAP_S4HANA_ON-PREMISE?version=2022
375,https://education.hana.ondemand.com/education/pub/s4/index.html?show=project!PR_7C20FD5B0614699D,Cost Accountant - Inventory,Executing a Costing Run,Executing a Costing Run,Finance - General Ledger (FI-GL),Search for previously created costing runs and release them.,2026-02-27,https://help.sap.com/docs/SAP_S4HANA_ON-PREMISE?version=2022
376,https://education.hana.ondemand.com/education/pub/s4/index.html?show=project!PR_FB6D972ED659F9BC,General Ledger Accountant,Executing Actual General Ledger Distribution Cycles,Executing Actual General Ledger Distribution Cycles,Finance - General Ledger (FI-GL),Execute actual general ledger distribution cycles and display the results.,2026-02-27,https://help.sap.com/docs/SAP_S4HANA_ON-PREMISE?version=2022
377,https://education.hana.ondemand.com/education/pub/s4/index.html?show=project!PR_C84A3E9D97407583,Cost Accountant - Sales,Executing Assessment Cycle (CO-PA),Executing Assessment Cycle (CO-PA),Finance - General Ledger (FI-GL),Execute a profitability analysis assessment cycle.,2026-02-27,https://help.sap.com/docs/SAP_S4HANA_ON-PREMISE?version=2022
378,https://education.hana.ondemand.com/education/pub/s4/index.html?show=project!PR_D9BEF1B33FFDFF85,Cost Accountant - Inventory,Executing FIFO Valuations (BEJ),Executing FIFO Valuations (BEJ),Finance - General Ledger (FI-GL),Execute a FIFO valuation in inventory valuation for year-end closing.,2026-02-27,https://help.sap.com/docs/SAP_S4HANA_ON-PREMISE?version=2022
379,https://education.hana.ondemand.com/education/pub/s4/index.html?show=project!PR_5A47338E24D978BA,Shipping Specialist,Executing Picking,Executing Picking,Logistics - Shipping (LE-SHP),"Take goods from a storage location, stage the correct quantity in the picking area.",2026-02-27,https://help.sap.com/docs/SAP_S4HANA_ON-PREMISE?version=2022
380,https://education.hana.ondemand.com/education/pub/s4/index.html?show=project!PR_F8DAE33ECBF9599D,Shipping Specialist,Executing Picking (1MI),Executing Picking (1MI),Logistics - Shipping (LE-SHP),Execute picking in delivery processing without order reference.,2026-02-27,https://help.sap.com/docs/SAP_S4HANA_ON-PREMISE?version=2022
381,https://education.hana.ondemand.com/education/pub/s4/index.html?show=project!PR_E044235E34CC9BA6,Shipping Specialist,Executing Picking (BDH),Executing Picking (BDH),Logistics - Shipping (LE-SHP),Perform picking for a delivery.,2026-02-27,https://help.sap.com/docs/SAP_S4HANA_ON-PREMISE?version=2022
382,https://education.hana.ondemand.com/education/pub/s4/index.html?show=project!PR_BE65C75B6DF71BF,Shipping Specialist,Executing Picking (BKJ),Executing Picking (BKJ),Logistics - Shipping (LE-SHP),Amend an outbound delivery by entering a picked quantity.,2026-02-27,https://help.sap.com/docs/SAP_S4HANA_ON-PREMISE?version=2022
383,https://education.hana.ondemand.com/education/pub/s4/index.html?show=project!PR_4A3F3E878D0A60B2,Cost Accountant - Sales,Executing Profitability Realignment Run,Executing Profitability Realignment Run,Finance - General Ledger (FI-GL),Execute a profitability realignment run and verify run details.,2026-02-27,https://help.sap.com/docs/SAP_S4HANA_ON-PREMISE?version=2022
384,https://education.hana.ondemand.com/education/pub/s4/index.html?show=project!PR_CEA3709F2348A188,Asset Accountant,Executing Settlement for Assets Under Construction,Executing Settlement for Assets Under Construction,Finance - Asset Accounting (FI-AA),Settle an asset under construction according to the settlement rules.,2026-02-27,https://help.sap.com/docs/SAP_S4HANA_ON-PREMISE?version=2022
385,https://education.hana.ondemand.com/education/pub/s4/index.html?show=project!PR_6B0FA9C9A24BCDBB,Asset Accountant,Executing Settlement for AuC (Periodic Processing),Executing Settlement for AuC (Periodic Processing),Finance - Asset Accounting (FI-AA),Settle assets under construction according to their settlement rules.,2026-02-27,https://help.sap.com/docs/SAP_S4HANA_ON-PREMISE?version=2022
386,https://education.hana.ondemand.com/education/pub/s4/index.html?show=project!PR_792820B91DE114A8,Cost Accountant - Overhead,Executing Settlement for Service Orders,Executing Settlement for Service Orders,Finance - General Ledger (FI-GL),Execute a settlement for a service order to the responsible cost center.,2026-02-27,https://help.sap.com/docs/SAP_S4HANA_ON-PREMISE?version=2022
387,https://education.hana.ondemand.com/education/pub/s4/index.html?show=project!PR_212520D90F1E71BF,Cost Accountant - Overhead,Executing the Overhead Allocation Cycle,Executing the Overhead Allocation Cycle,Finance - General Ledger (FI-GL),"Execute the overhead allocation cycle. In this tutorial, cost center is the receiver.",2026-02-27,https://help.sap.com/docs/SAP_S4HANA_ON-PREMISE?version=2022
388,https://education.hana.ondemand.com/education/pub/s4/index.html?show=project!PR_8D093889530DC794,Shipping Specialist,Executing the Picking Process,Executing the Picking Process,Logistics - Shipping (LE-SHP),Take goods from a storage location and store the correct quantity in a picking area.,2026-02-27,https://help.sap.com/docs/SAP_S4HANA_ON-PREMISE?version=2022
389,https://education.hana.ondemand.com/education/pub/s4/index.html?show=project!PR_4C99A3B8E71F5FA5,Cost Accountant - Sales,Executing Top-Down Distribution,Executing Top-Down Distribution,Finance - General Ledger (FI-GL),Execute a top-down distribution cycle.,2026-02-27,https://help.sap.com/docs/SAP_S4HANA_ON-PREMISE?version=2022
390,https://education.hana.ondemand.com/education/pub/s4/index.html?show=project!PR_F2EF74C17753A4,Cash Management Specialist,Exporting Bank Accounts,Exporting Bank Accounts,Treasury (TR),Export a bank account for basic cash management and direct revision activate.,2026-02-27,https://help.sap.com/docs/SAP_S4HANA_ON-PREMISE?version=2022
391,https://education.hana.ondemand.com/education/pub/s4/index.html?show=project!PR_C3DAE5FF2A8B4DB7,Accounts Receivable Accountant,Extracting Payment Advice,Extracting Payment Advice,Finance - Accounts Receivable (FI-AR),The payment advice is automatically created for further processing.,2026-02-27,https://help.sap.com/docs/SAP_S4HANA_ON-PREMISE?version=2022
392,https://education.hana.ondemand.com/education/pub/s4/index.html?show=project!PR_B22C73C9DCC8BBBC,Cost Accountant - Inventory,Flagging Materials as Relevant for FIFO (BEJ),Flagging Materials as Relevant for FIFO (BEJ),Finance - General Ledger (FI-GL),Flag material codes for FIFO so that they can be considered during a FIFO valuation run in inventory valuation for year-end closing.,2026-02-27,https://help.sap.com/docs/SAP_S4HANA_ON-PREMISE?version=2022
393,https://education.hana.ondemand.com/education/pub/s4/index.html?show=project!PR_6E6B0BC7D50BBEBF,Receiving Specialist,Follow-Up Activities For Replacement Material,Follow-Up Activities For Replacement Material,General,Complete activities to follow-up for replacement Material,2026-02-27,https://help.sap.com/docs/SAP_S4HANA_ON-PREMISE?version=2022
394,https://education.hana.ondemand.com/education/pub/s4/index.html?show=project!PR_1EC7C81F70F8FBA5,General Ledger Accountant,Forwarding Currency Adjustments,Forwarding Currency Adjustments - For Processor (Inbox),Finance - General Ledger (FI-GL),Check currency adjustments before final posting and forward them to another processor for approval.,2026-02-27,https://help.sap.com/docs/SAP_S4HANA_ON-PREMISE?version=2022
395,https://education.hana.ondemand.com/education/pub/s4/index.html?show=project!PR_919CB81C730F7A83,General Ledger Accountant,Forwarding General Journal Entries,Forwarding General Journal Entries - For Processor (Inbox),Finance - General Ledger (FI-GL),Check general journal entries before final posting and forward them to another processor for approval.,2026-02-27,https://help.sap.com/docs/SAP_S4HANA_ON-PREMISE?version=2022
396,https://education.hana.ondemand.com/education/pub/s4/index.html?show=slide!SL_FA779055B0B3698,"Internal Sales Representative,Shipping Specialist,Billing Clerk",Free Goods Processing,Free Goods Processing,Sales - Billing (SD-BIL),"Perform the process sequence for a standard sales process (make-to-stock) with a customer, including free goods.",2026-02-27,https://help.sap.com/docs/SAP_S4HANA_ON-PREMISE?version=2022
397,https://education.hana.ondemand.com/education/pub/s4/index.html?show=slide!SL_B0F3F4CA550A0487,"Internal Sales Representative,Shipping Specialist,Billing Clerk",Free of Charge Delivery,Free of Charge Delivery,Sales - Billing (SD-BIL),Describe the process of providing goods to a customer at no cost (a.k.a Free of Charge Sales Order).,2026-02-27,https://help.sap.com/docs/SAP_S4HANA_ON-PREMISE?version=2022
398,https://education.hana.ondemand.com/education/pub/s4/index.html?show=slide!SL_4B5551E9CB4A14AB,General Ledger Accountant,General Ledger Allocation Cycle,General Ledger Allocation Cycle,Finance - General Ledger (FI-GL),Allocate costs from profit centers (assigned to segments that cannot be allocated) to profit center assigned to allocable segment.,2026-02-27,https://help.sap.com/docs/SAP_S4HANA_ON-PREMISE?version=2022
399,https://education.hana.ondemand.com/education/pub/s4/index.html?show=project!PR_1804A2E70209E9A0,Consolidation Specialist,Generating Cash Flow Statements,Generating Cash Flow Statements,Finance - Consolidation (FI-LC),"Generate cash flow statements with reporting rules, and learn how to analyze the data in your reports.",2026-02-27,https://help.sap.com/docs/SAP_S4HANA_ON-PREMISE?version=2022
400,https://education.hana.ondemand.com/education/pub/s4/index.html?show=project!PR_591B667A9907D9A0,End User,Getting Access to an SAP S/4HANA Trial System,Getting Access to an SAP S/4HANA Trial System,General,Set up the SAP S/4HANA Trial System in the Cloud Appliance Library and access the SAP S/4HANA Trial System.,2026-02-27,https://help.sap.com/docs/SAP_S4HANA_ON-PREMISE?version=2022
401,https://education.hana.ondemand.com/education/pub/s4/index.html?show=slide!SL_3D7142FE574723A9,End User,Getting Access to an SAP S/4HANA Trial System,Getting Access to an SAP S/4HANA Trial System,General,Access the Cloud Appliance Library and set up the SAP S/4HANA Trial System.,2026-02-27,https://help.sap.com/docs/SAP_S4HANA_ON-PREMISE?version=2022
402,https://education.hana.ondemand.com/education/pub/s4/index.html?show=project!PR_94FB1A9EBE70FA6,"Key User,Employee",Getting Help,Getting Help,Human Capital Management (HCM),Open Help and use the Help functions.,2026-02-27,https://help.sap.com/docs/SAP_S4HANA_ON-PREMISE?version=2022
403,https://education.hana.ondemand.com/education/pub/s4/index.html?show=slide!SL_C0D9BC6F0364AEA4,"Group Accountant,Consolidation Specialist,General Ledger Accountant,General Ledger Accountant - Intercompany,Configuration Expert - Business Process Configuration",Group Reporting,Group Reporting - Financial Consolidation,Finance - Consolidation (FI-LC),This scope item covers statutory financial capabilities for SAP S/4HANA users.,2026-02-27,https://help.sap.com/docs/SAP_S4HANA_ON-PREMISE?version=2022
404,https://education.hana.ondemand.com/education/pub/s4/index.html?show=project!PR_65B0AB774972F9A5,Material Planner - External Procurement,Handing Over Purchase Requisitions,Handing Over Purchase Requisitions,Procurement (MM-PUR),Hand over purchase requisitions.,2026-02-27,https://help.sap.com/docs/SAP_S4HANA_ON-PREMISE?version=2022
405,https://education.hana.ondemand.com/education/pub/s4/index.html?show=project!PR_C4FCAB12B20FD09A,Order Fulfillment Specialist,Identifying Sales Orders Material Line Items with Availability Issues,Identifying Sales Orders Material Line Items with Availability Issues,General,Identify sales orders material line items with availability issues.,2026-02-27,https://help.sap.com/docs/SAP_S4HANA_ON-PREMISE?version=2022
406,https://education.hana.ondemand.com/education/pub/s4/index.html?show=project!PR_5FD23A098EF0C980,Administrator - Accounts Payable and Receivable (FI-CA),Importing Bank Statements,Importing Bank Statements,Finance - Accounts Payable (FI-AP),Import a bank statement.,2026-02-27,https://help.sap.com/docs/SAP_S4HANA_ON-PREMISE?version=2022
407,https://education.hana.ondemand.com/education/pub/s4/index.html?show=project!PR_A52E6A8B23F0A3B4,Cost Accountant - Overhead,Importing Financial Plan Data,Importing Financial Plan Data,Finance - General Ledger (FI-GL),Download a financial plan data template and import the financial plan data.,2026-02-27,https://help.sap.com/docs/SAP_S4HANA_ON-PREMISE?version=2022
408,https://education.hana.ondemand.com/education/pub/s4/index.html?show=project!PR_2FDB0C6C01345DA8,General Ledger Accountant,Importing Financial Plan Data,Importing Financial Plan Data,Finance - General Ledger (FI-GL),Plan the balance sheet and P&L accounts.,2026-02-27,https://help.sap.com/docs/SAP_S4HANA_ON-PREMISE?version=2022
409,https://education.hana.ondemand.com/education/pub/s4/index.html?show=project!PR_87D82B48728FF182,General Ledger Accountant,Importing Foreign Exchange Rates,Importing Foreign Exchange Rates,Finance - General Ledger (FI-GL),Access market data reference interest rates directly from a spreadsheet file and transfer the data.,2026-02-27,https://help.sap.com/docs/SAP_S4HANA_ON-PREMISE?version=2022
410,https://education.hana.ondemand.com/education/pub/s4/index.html?show=project!PR_C08C48BC880E31AC,Cost Accountant - Overhead,Importing Statistical Key Figure Plan Data,Importing Statistical Key Figure Plan Data,Finance - General Ledger (FI-GL),Prepare and import statistical key figure plan data.,2026-02-27,https://help.sap.com/docs/SAP_S4HANA_ON-PREMISE?version=2022
411,https://education.hana.ondemand.com/education/pub/s4/index.html?show=slide!SL_23A007FBB61916A1,General Ledger Accountant - Intercompany,Intercompany Reconciliation Process,Intercompany Reconciliation Process,Finance - General Ledger (FI-GL),"Reconcile the accounting documents that describe the accounting transactions within a corporate group, in accordance with the predefined matching method.",2026-02-27,https://help.sap.com/docs/SAP_S4HANA_ON-PREMISE?version=2022
412,https://education.hana.ondemand.com/education/pub/s4/index.html?show=slide!SL_59369C7A271BA79A,"Trade Classification Specialist,Intrastat Specialist",Intrastat Processing,Intrastat Processing,General,Intrastat is a statistical system used to collect information from enterprises regarding trade between European Union (EU) member states.,2026-02-27,https://help.sap.com/docs/SAP_S4HANA_ON-PREMISE?version=2022
413,https://education.hana.ondemand.com/education/pub/s4/index.html?show=project!PR_D5E7885209B9418A,End User,Introducing SAP Best Practices Explorer,Introducing SAP Best Practices Explorer,General,Search packages and scope items in SAP Best Practices Explorer and download solution packages.,2026-02-27,https://help.sap.com/docs/SAP_S4HANA_ON-PREMISE?version=2022
414,https://education.hana.ondemand.com/education/pub/s4/index.html?show=slide!SL_9E229175C9541896,"Cost Accountant - Inventory,Inventory Accountant",Inventory Valuation for Year-End Closing,Inventory Valuation for Year-End Closing,Finance - General Ledger (FI-GL),Evaluate your inventories at the end of reporting periods according to international accounting principles (such as IAS or U.S GAAP).,2026-02-27,https://help.sap.com/docs/SAP_S4HANA_ON-PREMISE?version=2022
415,https://education.hana.ondemand.com/education/pub/s4/index.html?show=slide!SL_F835E4F40940AF80,"Internal Sales Representative,Sales Manager,Billing Clerk",Invoice Correction Process with Credit Memo,Invoice Correction Process with Credit Memo,Sales - Billing (SD-BIL),Create a credit memo request and place it on a billing block for review so that you can then release the credit memo to become billing-relevant and to appear in the billing due list.,2026-02-27,https://help.sap.com/docs/SAP_S4HANA_ON-PREMISE?version=2022
416,https://education.hana.ondemand.com/education/pub/s4/index.html?show=slide!SL_B96A0ACBE13E408A,"Returns and Refund Clerk,Shipping Specialist,Billing Clerk",Lean Customer Returns,Lean Customer Returns,Sales - Billing (SD-BIL),Request authorization to return materials. Receive approval and return materials to stock.,2026-02-27,https://help.sap.com/docs/SAP_S4HANA_ON-PREMISE?version=2022
417,https://education.hana.ondemand.com/education/pub/s4/index.html?show=project!PR_2A5AD9D88CE56E8F,Inventory Manager,Listing Count Differences,Listing Count Differences,Inventory Management (MM-IM),List the differences in inventory counts.,2026-02-27,https://help.sap.com/docs/SAP_S4HANA_ON-PREMISE?version=2022
418,https://education.hana.ondemand.com/education/pub/s4/index.html?show=project!PR_7BB4C4A512FCF480,Inventory Manager,Listing Count Differences,Listing Count Differences,Inventory Management (MM-IM),List the differences in inventory counts.,2026-02-27,https://help.sap.com/docs/SAP_S4HANA_ON-PREMISE?version=2022
419,https://education.hana.ondemand.com/education/pub/s4/index.html?show=project!PR_4E66682CE495E486,Internal Sales Representative,Listing Incomplete Sales Contracts,Listing Incomplete Sales Contracts,Sales (SD),List the incomplete sales contracts and filter them by sold-to party.,2026-02-27,https://help.sap.com/docs/SAP_S4HANA_ON-PREMISE?version=2022
420,https://education.hana.ondemand.com/education/pub/s4/index.html?show=slide!SL_463AF25807B9DA9B,Cash Management Specialist for USA,Lockbox,Lockbox,Treasury (TR),Upload a lockbox file. Reprocess an incoming check in different scenarios. Manage lockbox batches.,2026-02-27,https://help.sap.com/docs/SAP_S4HANA_ON-PREMISE?version=2022
421,https://education.hana.ondemand.com/education/pub/s4/index.html?show=project!PR_BA704A2824E58093,General Ledger Accountant,Maintaining Currency Exchange Rates,Maintaining Currency Exchange Rates,Finance - General Ledger (FI-GL),Update exchange rates. Rates can be maintained daily or at least at month-end.,2026-02-27,https://help.sap.com/docs/SAP_S4HANA_ON-PREMISE?version=2022
422,https://education.hana.ondemand.com/education/pub/s4/index.html?show=project!PR_4676BA93C37D878E,Purchaser,Maintaining Delivery Schedules,Maintaining Delivery Schedules,Procurement (MM-PUR),Create the delivery schedule for the scheduling agreement if it has not been maintained while creating the scheduling agreement.,2026-02-27,https://help.sap.com/docs/SAP_S4HANA_ON-PREMISE?version=2022
423,https://education.hana.ondemand.com/education/pub/s4/index.html?show=project!PR_43D2F41AEA98CBD,Employee - Procurement,Maintaining Evaluation Responses as Appraiser,Maintaining Evaluation Responses as Appraiser,Procurement (MM-PUR),Answer questions in a group-based evaluation and submit an evaluation response.,2026-02-27,https://help.sap.com/docs/SAP_S4HANA_ON-PREMISE?version=2022
424,https://education.hana.ondemand.com/education/pub/s4/index.html?show=project!PR_CA4A64B7DB7221B9,Material Planner - External Procurement,Maintaining PIRs,Maintaining PIRs,Procurement (MM-PUR),Add more filters and enter forecast figures for draft PIRs and release PIRs.,2026-02-27,https://help.sap.com/docs/SAP_S4HANA_ON-PREMISE?version=2022
425,https://education.hana.ondemand.com/education/pub/s4/index.html?show=project!PR_76A0BFAC81F84E8D,Material Planner - External Procurement,Maintaining PIRs for Material TG0012,Maintaining PIRs for Material TG0012,Procurement (MM-PUR),Enter forecast figures for draft PIRs and release PIRs.,2026-02-27,https://help.sap.com/docs/SAP_S4HANA_ON-PREMISE?version=2022
426,https://education.hana.ondemand.com/education/pub/s4/index.html?show=project!PR_5AE609103507418E,Maintenance Planner,Maintaining Serial Number Master Data,Maintaining Serial Number Master Data,Plant Maintenance (PM),"Change the serial number, the material number, and the category.",2026-02-27,https://help.sap.com/docs/SAP_S4HANA_ON-PREMISE?version=2022
427,https://education.hana.ondemand.com/education/pub/s4/index.html?show=project!PR_D8CB7174B1F121BE,Purchaser,Maintaining Service Entry Sheets,Maintaining Service Entry Sheets,Procurement (MM-PUR),Create a service entry sheet from a reference purchase order.,2026-02-27,https://help.sap.com/docs/SAP_S4HANA_ON-PREMISE?version=2022
428,https://education.hana.ondemand.com/education/pub/s4/index.html?show=project!PR_757C1B7D34D7F4BF,Quality Technician,Maintaining the Batch Master Record Alternative 1,Maintaining the Batch Master Record Alternative 1,Quality Management (QM),Maintain the batch master record,2026-02-27,https://help.sap.com/docs/SAP_S4HANA_ON-PREMISE?version=2022
429,https://education.hana.ondemand.com/education/pub/s4/index.html?show=project!PR_D76626192D7DF29B,Quality Technician,Maintaining the Batch Master Record Alternative 2,Maintaining the Batch Master Record Alternative 2,Quality Management (QM),Maintain the batch master record,2026-02-27,https://help.sap.com/docs/SAP_S4HANA_ON-PREMISE?version=2022
430,https://education.hana.ondemand.com/education/pub/s4/index.html?show=slide!SL_4BFA542C8928D0BA,"Internal Sales Representative,Production Planner,BOM Engineer - Customer Order,Internal Sales Representative ,Production Supervisor - Discrete Manufacturing,Production Operator - Discrete Manufacturing",Make-to-Order Production,Make-to-Order Production - Finished Goods Sales and Final Assembly,Sales (SD),Complete a standard sales process with a customer for batch-managed finished goods.,2026-02-27,https://help.sap.com/docs/SAP_S4HANA_ON-PREMISE?version=2022
431,https://education.hana.ondemand.com/education/pub/s4/index.html?show=slide!SL_70D9C689EBEB9B84,"Production Planner,Production Supervisor - Discrete Manufacturing",Make-to-Order Production,Make-to-Order Production - Semi-Finished Goods Planning and Assembly,Production (PP),Support production planning for semifinished components within a make-to-order (MTO) environment prior to the receipt of incoming sales orders.,2026-02-27,https://help.sap.com/docs/SAP_S4HANA_ON-PREMISE?version=2022
432,https://education.hana.ondemand.com/education/pub/s4/index.html?show=slide!SL_A6B7F5AC1C9F6982,"Production Planner,Production Supervisor - Discrete Manufacturing,Production Operator - Discrete Manufacturing,Warehouse Clerk",Make-to-Stock Production,Make-to-Stock Production - Discrete Manufacturing,Warehouse Management (WM),"Perform production planning in a make-to-stock scenario, with a focus on discrete manufacturing.",2026-02-27,https://help.sap.com/docs/SAP_S4HANA_ON-PREMISE?version=2022
433,https://education.hana.ondemand.com/education/pub/s4/index.html?show=slide!SL_632473C0FE529A86,"Production Planner,Production Supervisor - Repetitive Manufacturing,Production Operator - Repetitive Manufacturing",Make-to-Stock Production,Make-to-Stock Production - Repetitive Manufacturing,Production (PP),"Perform production planning in a make-to-stock scenario, with a focus on repetitive manufacturing.",2026-02-27,https://help.sap.com/docs/SAP_S4HANA_ON-PREMISE?version=2022
434,https://education.hana.ondemand.com/education/pub/s4/index.html?show=project!PR_AD027A426E5D66A0,Quality Engineer,Making a Usage Decision,Making a Usage Decision,Quality Management (QM),Accept the assembly depending on the inspection result.,2026-02-27,https://help.sap.com/docs/SAP_S4HANA_ON-PREMISE?version=2022
435,https://education.hana.ondemand.com/education/pub/s4/index.html?show=project!PR_BBF5A41E337FBFB9,Cash Management Specialist,Making Bank Transfers with Templates,Making Bank Transfers with Templates,Treasury (TR),Create bank transfer templates and use them to make bank transfers.,2026-02-27,https://help.sap.com/docs/SAP_S4HANA_ON-PREMISE?version=2022
436,https://education.hana.ondemand.com/education/pub/s4/index.html?show=project!PR_A6950475E089C3BA,Quality Engineer,Making Usage Decisions,Making Usage Decisions,Quality Management (QM),The inspection is done and the inspection result is recorded. It has to be decided whether or not to accept the assembly depending on the inspection result.,2026-02-27,https://help.sap.com/docs/SAP_S4HANA_ON-PREMISE?version=2022
437,https://education.hana.ondemand.com/education/pub/s4/index.html?show=slide!SL_38139A42E8B7399D,Design Engineer,Manage Documents,Manage Documents,General,"Search for, create, and edit documents and metadata that are associated with a business object, such as a product.",2026-02-27,https://help.sap.com/docs/SAP_S4HANA_ON-PREMISE?version=2022
438,https://education.hana.ondemand.com/education/pub/s4/index.html?show=project!PR_B7D17C217F9B8A81,General Ledger Accountant - Intercompany,Managing Assignments,Managing Assignments,Finance - General Ledger (FI-GL),Manage reconciliation assignments.,2026-02-27,https://help.sap.com/docs/SAP_S4HANA_ON-PREMISE?version=2022
439,https://education.hana.ondemand.com/education/pub/s4/index.html?show=project!PR_9D8DEDF2C11A0AA9,Accounts Receivable Accountant,Managing Balance Confirmations,Managing Balance Confirmations,Finance - Accounts Receivable (FI-AR),"Manage open balance confirmation letters, and track their status.",2026-02-27,https://help.sap.com/docs/SAP_S4HANA_ON-PREMISE?version=2022
440,https://education.hana.ondemand.com/education/pub/s4/index.html?show=project!PR_F3D337111B2C6F99,Cash Management Specialist,Managing Bank Account Balances,Managing Bank Account Balances,Treasury (TR),"Manually enter or import balances for bank accounts, and monitor the balance changes for these accounts.",2026-02-27,https://help.sap.com/docs/SAP_S4HANA_ON-PREMISE?version=2022
441,https://education.hana.ondemand.com/education/pub/s4/index.html?show=project!PR_13E8E6BE4D1D5BF,Cash Management Specialist,Managing Banks,Managing Banks,Treasury (TR),Manage a bank for basic cash management direct revision activate.,2026-02-27,https://help.sap.com/docs/SAP_S4HANA_ON-PREMISE?version=2022
442,https://education.hana.ondemand.com/education/pub/s4/index.html?show=project!PR_B345E9E58BB2B3B8,Billing Clerk,Managing Billing Documents,Managing Billing Documents,Sales - Billing (SD-BIL),"Cancel a billing document, and add, edit, and delete attachments in free goods processing.",2026-02-27,https://help.sap.com/docs/SAP_S4HANA_ON-PREMISE?version=2022
443,https://education.hana.ondemand.com/education/pub/s4/index.html?show=project!PR_CCD74B60E7715294,Purchaser,Managing Catalog Items,Managing Catalog Items,Procurement (MM-PUR),Define catalog items for requisitioning.,2026-02-27,https://help.sap.com/docs/SAP_S4HANA_ON-PREMISE?version=2022
444,https://education.hana.ondemand.com/education/pub/s4/index.html?show=project!PR_155AA5CAEA7FCDBB,Order Fulfillment Manager,Managing Characteristic Combination,Managing Characteristic Combination,General,Create a Charateristic Combination.,2026-02-27,https://help.sap.com/docs/SAP_S4HANA_ON-PREMISE?version=2022
445,https://education.hana.ondemand.com/education/pub/s4/index.html?show=project!PR_27BB7B924C0C9D9F,Configuration Expert -  Business Process Configuration,Managing Chart of Accounts,Managing Chart of Accounts,Configuration / Basis,View general ledger accounts for the chart of accounts in either hierarchal or flat list form.,2026-02-27,https://help.sap.com/docs/SAP_S4HANA_ON-PREMISE?version=2022
446,https://education.hana.ondemand.com/education/pub/s4/index.html?show=project!PR_E64E3D463AB6DEBF,Accounts Receivable Manager,Managing Collections Master Data,Managing Collections Master Data,Finance - Accounts Receivable (FI-AR),Use this process to add or change business partner parameters related to collections management.,2026-02-27,https://help.sap.com/docs/SAP_S4HANA_ON-PREMISE?version=2022
447,https://education.hana.ondemand.com/education/pub/s4/index.html?show=project!PR_F28444B6994E099E,Trade Classification Specialist,Managing Commodity Codes,Managing Commodity Codes,General,Manage a commodity code under numbering scheme EU01.,2026-02-27,https://help.sap.com/docs/SAP_S4HANA_ON-PREMISE?version=2022
448,https://education.hana.ondemand.com/education/pub/s4/index.html?show=project!PR_B38097B8A801C2A1,Legal Counsel,Managing Contexts,Managing Contexts,General,Create and maintain legal contexts in SAP S/4HANA for legal content.,2026-02-27,https://help.sap.com/docs/SAP_S4HANA_ON-PREMISE?version=2022
449,https://education.hana.ondemand.com/education/pub/s4/index.html?show=project!PR_D620290D277295AC,Master Data Specialist - Business Partner Data,Managing Customer Master Data,Managing Customer Master Data,General,"Edit customer data, such as correspondence, finance, and dunning data.",2026-02-27,https://help.sap.com/docs/SAP_S4HANA_ON-PREMISE?version=2022
450,https://education.hana.ondemand.com/education/pub/s4/index.html?show=project!PR_8050701022A516A8,Asset Accountant,Managing Depreciation Runs,Managing Depreciation Runs,Finance - Asset Accounting (FI-AA),Create a new depreciation run job in asset accounting. Check the depreciation run job details and log.,2026-02-27,https://help.sap.com/docs/SAP_S4HANA_ON-PREMISE?version=2022
451,https://education.hana.ondemand.com/education/pub/s4/index.html?show=project!PR_F95CFBA837918B91,Asset Accountant,Managing Depreciation Runs,Managing Depreciation Runs,Finance - Asset Accounting (FI-AA),Perform a depreciation run and view the job log.,2026-02-27,https://help.sap.com/docs/SAP_S4HANA_ON-PREMISE?version=2022
452,https://education.hana.ondemand.com/education/pub/s4/index.html?show=project!PR_6D557BE0A7A08981,General Ledger Accountant for USA,Managing External Tax Postings,Managing External Tax Postings - External Tax Calculations,Finance - General Ledger (FI-GL),Manage external tax postings (external tax calculation).,2026-02-27,https://help.sap.com/docs/SAP_S4HANA_ON-PREMISE?version=2022
453,https://education.hana.ondemand.com/education/pub/s4/index.html?show=project!PR_CD5454916688B8B3,Configuration Expert - Business Process Configuration,Managing Financial Statement Versions,Managing Financial Statement Versions,Configuration / Basis,Manage financial statement versions.,2026-02-27,https://help.sap.com/docs/SAP_S4HANA_ON-PREMISE?version=2022
454,https://education.hana.ondemand.com/education/pub/s4/index.html?show=project!PR_F539C4495F72CA5,"Configuration Expert - Business Process Configuration, General Ledger Accountant",Managing G/L Account Master Data,Managing G/L Account Master Data,Finance - General Ledger (FI-GL),Create a new general ledger account by copying an existing one from the chart of accounts view or the company code view.,2026-02-27,https://help.sap.com/docs/SAP_S4HANA_ON-PREMISE?version=2022
455,https://education.hana.ondemand.com/education/pub/s4/index.html?show=project!PR_E9FC6AA5B7B7BEA8,Cash Management Specialist,Managing House Banks,Managing House Banks,Treasury (TR),Create a house bank for basic cash management direct revision activate.,2026-02-27,https://help.sap.com/docs/SAP_S4HANA_ON-PREMISE?version=2022
456,https://education.hana.ondemand.com/education/pub/s4/index.html?show=project!PR_92FDE6A00AE9E79E,Accounts Receivable Accountant,Managing Interest Runs,Managing Interest Runs,Finance - Accounts Receivable (FI-AR),"Manage interest runs. If needed, you can reverse interest runs or resend interest letters.",2026-02-27,https://help.sap.com/docs/SAP_S4HANA_ON-PREMISE?version=2022
457,https://education.hana.ondemand.com/education/pub/s4/index.html?show=project!PR_3440CE7ABFA12484,General Ledger Accountant,Managing Journal Entries,Managing Journal Entries,Finance - General Ledger (FI-GL),"Display, change or reverse general journal entries.",2026-02-27,https://help.sap.com/docs/SAP_S4HANA_ON-PREMISE?version=2022
458,https://education.hana.ondemand.com/education/pub/s4/index.html?show=project!PR_C49D90734F4C66A6,General Ledger Accountant,Managing Journal Entry Templates,Managing Journal Entry Templates,Finance - General Ledger (FI-GL),Manage templates for general journal entries.,2026-02-27,https://help.sap.com/docs/SAP_S4HANA_ON-PREMISE?version=2022
459,https://education.hana.ondemand.com/education/pub/s4/index.html?show=project!PR_123CEB96C789A88C,Administrator - Enterprise Contract Management,Managing Legal Documents,Managing Legal Documents,Configuration / Basis,Manage and approve legal documents in SAP S/4HANA for legal documents.,2026-02-27,https://help.sap.com/docs/SAP_S4HANA_ON-PREMISE?version=2022
460,https://education.hana.ondemand.com/education/pub/s4/index.html?show=project!PR_5A42B3FD725B6C81,Legal Counsel,Managing Legal Transactions,Managing Legal Transactions -  Creating a Legal Document from Template,General,"Manage a legal transaction, which     is created based on a legal content request and is used to manage the legal content through its lifecycle.",2026-02-27,https://help.sap.com/docs/SAP_S4HANA_ON-PREMISE?version=2022
461,https://education.hana.ondemand.com/education/pub/s4/index.html?show=project!PR_C6283681E1260C9A,Legal Counsel,Managing Legal Transactions,Managing Legal Transactions -  Uploading a Document,General,"Manage legal transactions by adding reminders, tasks, and attaching documents in SAP S/4HANA for legal documents.",2026-02-27,https://help.sap.com/docs/SAP_S4HANA_ON-PREMISE?version=2022
462,https://education.hana.ondemand.com/education/pub/s4/index.html?show=project!PR_6E2030A88FA88AB7,Cash Manager,Managing Liquidity Item Transfer,Managing Liquidity Item Transfer,General,Use the Manage Liquidity Item Transfer app to adjust liquidity items.,2026-02-27,https://help.sap.com/docs/SAP_S4HANA_ON-PREMISE?version=2022
463,https://education.hana.ondemand.com/education/pub/s4/index.html?show=project!PR_7B52D08734876EAA,Cash Management Specialist for USA,Managing Lockbox Batches,Managing Lockbox Batches,Treasury (TR),Provide the posting details for posted lockbox batches.,2026-02-27,https://help.sap.com/docs/SAP_S4HANA_ON-PREMISE?version=2022
464,https://education.hana.ondemand.com/education/pub/s4/index.html?show=slide!SL_264B9D2864CC9F89,Inventory Accountant,Managing Material Price Changes and Inventory Values,Managing Material Price Changes and Inventory Values,Finance - General Ledger (FI-GL),"Change material prices, mark materials for price changes, release planned price changes, and view balance summaries for material inventory values.",2026-02-27,https://help.sap.com/docs/SAP_S4HANA_ON-PREMISE?version=2022
465,https://education.hana.ondemand.com/education/pub/s4/index.html?show=project!PR_D4C98F19C9C76A95,Accounts Receivable Accountant,Managing Payment Blocks (19M),Managing Payment Blocks (19M),Finance - Accounts Receivable (FI-AR),Resolve a payment block in direct debit.,2026-02-27,https://help.sap.com/docs/SAP_S4HANA_ON-PREMISE?version=2022
466,https://education.hana.ondemand.com/education/pub/s4/index.html?show=project!PR_6837D77CB03F60BD,Accounts Payable Accountant,Managing Payment Blocks (J60),Managing Payment Blocks (J60),Finance - Accounts Payable (FI-AP),"Review, block and release invoices as a further process to invoice verification.",2026-02-27,https://help.sap.com/docs/SAP_S4HANA_ON-PREMISE?version=2022
467,https://education.hana.ondemand.com/education/pub/s4/index.html?show=project!PR_9EC4773290548198,General Ledger Accountant,Managing Posting Periods,Managing Posting Periods,Finance - General Ledger (FI-GL),Close posting periods and open new accounting periods.,2026-02-27,https://help.sap.com/docs/SAP_S4HANA_ON-PREMISE?version=2022
468,https://education.hana.ondemand.com/education/pub/s4/index.html?show=project!PR_A78E12AD80AC4BB1,Production Supervisor - Discrete Manufacturing,Managing Production Operations (BJN),Managing Production Operations (BJN),Production (PP),Assign the area of responsibility and set filters.,2026-02-27,https://help.sap.com/docs/SAP_S4HANA_ON-PREMISE?version=2022
469,https://education.hana.ondemand.com/education/pub/s4/index.html?show=project!PR_4392FB2C22CF6999,Production Supervisor,Managing Production Operations (BJQ),Managing Production Operations (BJQ),Production (PP),Display and review the order after the release of finished goods orders is performed.,2026-02-27,https://help.sap.com/docs/SAP_S4HANA_ON-PREMISE?version=2022
470,https://education.hana.ondemand.com/education/pub/s4/index.html?show=project!PR_2B9774611C1176A4,Divisional Accountant,Managing Profit Center Groups,Managing Profit Center Groups,Finance - General Ledger (FI-GL),Manage profit center groups.,2026-02-27,https://help.sap.com/docs/SAP_S4HANA_ON-PREMISE?version=2022
471,https://education.hana.ondemand.com/education/pub/s4/index.html?show=project!PR_50FDBE4757BD72AC,General Ledger Accountant,Managing Profit Centers,Managing Profit Centers,Finance - General Ledger (FI-GL),Manage the profit center master data.,2026-02-27,https://help.sap.com/docs/SAP_S4HANA_ON-PREMISE?version=2022
472,https://education.hana.ondemand.com/education/pub/s4/index.html?show=project!PR_6C005FF811D5508E,Intrastat Specialist,Managing Providers of Information,Managing Providers of Information,General,"Create providers of information and determine the plant, intercompany sales and delivering plant.",2026-02-27,https://help.sap.com/docs/SAP_S4HANA_ON-PREMISE?version=2022
473,https://education.hana.ondemand.com/education/pub/s4/index.html?show=project!PR_7F8C7AACAFAB658D,General Ledger Accountant - Intercompany,Managing Reconciliation Close,Managing Reconciliation Close,Finance - General Ledger (FI-GL),Close or reopen period reconciliations for trading companies within your organization.,2026-02-27,https://help.sap.com/docs/SAP_S4HANA_ON-PREMISE?version=2022
474,https://education.hana.ondemand.com/education/pub/s4/index.html?show=project!PR_4BCF22D083C4EBAF,Configuration Expert - Business Process Configuration,Managing Situation Types for GR/IR Accounts,Managing Situation Types for GR/IR Accounts,Configuration / Basis,Use templates to configure situation types.,2026-02-27,https://help.sap.com/docs/SAP_S4HANA_ON-PREMISE?version=2022
475,https://education.hana.ondemand.com/education/pub/s4/index.html?show=project!PR_E8CEC0D6E64D8099,"Administrator,Key User,Employee",Managing Spaces and Pages,Managing Spaces and Pages,Human Capital Management (HCM),Create a space and add tiles to it.,2026-02-27,https://help.sap.com/docs/SAP_S4HANA_ON-PREMISE?version=2022
476,https://education.hana.ondemand.com/education/pub/s4/index.html?show=project!PR_A4F555D6E741A9AC,Configuration Expert - Business Process Configuration,Managing Teams and Responsibilities for GR/IR Accounts,Managing Teams and Responsibilities for GR/IR Accounts,Configuration / Basis,Configure the assignment of responsibilities to a team and its members.,2026-02-27,https://help.sap.com/docs/SAP_S4HANA_ON-PREMISE?version=2022
477,https://education.hana.ondemand.com/education/pub/s4/index.html?show=project!PR_27229E1E8E747083,Contract Management Specialist,Managing Templates,Managing Templates - Creating a Template,General,C   reate templates based on text blocks and clauses.,2026-02-27,https://help.sap.com/docs/SAP_S4HANA_ON-PREMISE?version=2022
478,https://education.hana.ondemand.com/education/pub/s4/index.html?show=project!PR_62D783560999D8BD,Quality Engineer,Managing Usage Decisions After Quality Inspections,Managing Usage Decisions After Quality Inspections,Quality Management (QM),Assess the results of a quality inspection and make a usage decision for the material.,2026-02-27,https://help.sap.com/docs/SAP_S4HANA_ON-PREMISE?version=2022
479,https://education.hana.ondemand.com/education/pub/s4/index.html?show=project!PR_EC35FC20C6441195,Strategic Buyer,Managing User-Defined Criteria for Supplier Evaluation,Managing User-Defined Criteria for Supplier Evaluation,Procurement (MM-PUR),Manage the user-defined criteria for supplier evaluation.,2026-02-27,https://help.sap.com/docs/SAP_S4HANA_ON-PREMISE?version=2022
480,https://education.hana.ondemand.com/education/pub/s4/index.html?show=slide!SL_E1E80345BA64BC,"Cost Accountant - Sales ,General Ledger Accountant",Margin Analysis,Margin Analysis,Finance - General Ledger (FI-GL),Perform profitability analysis and reporting (usually executed after the period-end close process is completed).,2026-02-27,https://help.sap.com/docs/SAP_S4HANA_ON-PREMISE?version=2022
481,https://education.hana.ondemand.com/education/pub/s4/index.html?show=slide!SL_C52FFC7426BC85BB,Master Data Steward,Master Data Governance and Data Quality Management,Master Data Governance and Data Quality Management,Master Data Governance (MDG),Learn how to define data quality rules and evaluate the quality of your master data according to these rules.,2026-02-27,https://help.sap.com/docs/SAP_S4HANA_ON-PREMISE?version=2022
482,https://education.hana.ondemand.com/education/pub/s4/index.html?show=project!PR_5C2F59D3BC92BC90,"Consolidation Specialist,General Ledger Accountant,General Ledger Accountant - Intercompany,Configuration Expert - Business Process Configuration",Matching and Reconciliation of Integrated Intercompany,Matching and Reconciliation of Integrated Intercompany,Finance - Consolidation (FI-LC),Run the data monitor for SAP S/4HANA companies.,2026-02-27,https://help.sap.com/docs/SAP_S4HANA_ON-PREMISE?version=2022
483,https://education.hana.ondemand.com/education/pub/s4/index.html?show=project!PR_910FC84D843C7C8A,Production Planner,Material Requirements Planning,Material Requirements Planning,Production (PP),Schedule a material requirements planning run.,2026-02-27,https://help.sap.com/docs/SAP_S4HANA_ON-PREMISE?version=2022
484,https://education.hana.ondemand.com/education/pub/s4/index.html?show=slide!SL_382922E3B80A23B6,Material Planner - External Procurement,Material Requirements Planning,Material Requirements Planning,Procurement (MM-PUR),Use a standard Materials Requirements Planning (MRP) process.,2026-02-27,https://help.sap.com/docs/SAP_S4HANA_ON-PREMISE?version=2022
485,https://education.hana.ondemand.com/education/pub/s4/index.html?show=project!PR_DE36C617345007AC,Internal Sales Representative,Monitoring Availability,Monitoring Availability,Sales (SD),Display the availability of material-plant combinations.,2026-02-27,https://help.sap.com/docs/SAP_S4HANA_ON-PREMISE?version=2022
486,https://education.hana.ondemand.com/education/pub/s4/index.html?show=project!PR_FED267FA885F548D,Cash Manager,Monitoring Bank Account Balances,Monitoring Bank Account Balances,General,Monitor bank accounts to check that bank account balances have been imported or entered on time.,2026-02-27,https://help.sap.com/docs/SAP_S4HANA_ON-PREMISE?version=2022
487,https://education.hana.ondemand.com/education/pub/s4/index.html?show=project!PR_80E572169C7BC585,General Ledger Accountant,Monitoring GR/IR Accounts,Monitoring GR/IR Accounts,Finance - General Ledger (FI-GL),View detailed information about GR/IR accounts.,2026-02-27,https://help.sap.com/docs/SAP_S4HANA_ON-PREMISE?version=2022
488,https://education.hana.ondemand.com/education/pub/s4/index.html?show=project!PR_C9F0B1C989CE4EB2,Production Planner,Monitoring Material Coverage,Monitoring Material Coverage,Production (PP),Display the stock and requirements situation for the semi finished product.,2026-02-27,https://help.sap.com/docs/SAP_S4HANA_ON-PREMISE?version=2022
489,https://education.hana.ondemand.com/education/pub/s4/index.html?show=project!PR_8E7530FF2195AF91,General Ledger Accountant,Monitoring Notifications for GR/IR Accounts,Monitoring Notifications for GR/IR Accounts,Finance - General Ledger (FI-GL),Monitor notifications for updates to GR/IR accounts.,2026-02-27,https://help.sap.com/docs/SAP_S4HANA_ON-PREMISE?version=2022
490,https://education.hana.ondemand.com/education/pub/s4/index.html?show=slide!SL_6E3D1D337FFB1A92,"General Ledger Accountant,Configuration Expert - Business Process Configuration",Monitoring of Goods and Invoicing Receipts,Monitoring of Goods and Invoicing Receipts,Finance - General Ledger (FI-GL),The GR/IR monitor processes cases where the goods and invoices receipts are not exactly matched and written off automatically.,2026-02-27,https://help.sap.com/docs/SAP_S4HANA_ON-PREMISE?version=2022
491,https://education.hana.ondemand.com/education/pub/s4/index.html?show=project!PR_A37E5E68F6C0A995,Accounts Receivable Manager,Monitoring Overdue Receivables,Monitoring Overdue Receivables,Finance - Accounts Receivable (FI-AR),Display graphs to monitor the status of overdue receivables.,2026-02-27,https://help.sap.com/docs/SAP_S4HANA_ON-PREMISE?version=2022
492,https://education.hana.ondemand.com/education/pub/s4/index.html?show=project!PR_4A39BA5FF5D829A3,Accounts Payable Accountant,Monitoring Payments,Monitoring Payments,Finance - Accounts Payable (FI-AP),"Display an overview of your payment batches. You can view the status of batches, and individual payments, at different processing stages.",2026-02-27,https://help.sap.com/docs/SAP_S4HANA_ON-PREMISE?version=2022
493,https://education.hana.ondemand.com/education/pub/s4/index.html?show=project!PR_34901B3E03A1C0A6,Purchaser,Monitoring Purchase Requisition Items,Monitoring Purchase Requisition Items,Procurement (MM-PUR),Monitor your purchase requisitions.,2026-02-27,https://help.sap.com/docs/SAP_S4HANA_ON-PREMISE?version=2022
494,https://education.hana.ondemand.com/education/pub/s4/index.html?show=project!PR_1F7AD42C0F601CB7,Accounts Payable Accountant,Monitoring Purchase Requisition Items by Account Assignment,Monitoring Purchase Requisition Items by Account Assignment,Finance - Accounts Payable (FI-AP),"Monitor individual purchase requisition items, by account assignment.",2026-02-27,https://help.sap.com/docs/SAP_S4HANA_ON-PREMISE?version=2022
495,https://education.hana.ondemand.com/education/pub/s4/index.html?show=project!PR_B26449A13725CDB5,"Configuration Expert - Business Process Configuration, Bank Integration Specialist",Monitoring Situations,Monitoring Situations,Configuration / Basis,Monitor messages centrally in the situation framework.,2026-02-27,https://help.sap.com/docs/SAP_S4HANA_ON-PREMISE?version=2022
496,https://education.hana.ondemand.com/education/pub/s4/index.html?show=project!PR_28D60A80FCBF50B9,Configuration Expert - Business Process Configuration,Monitoring Situations,Monitoring Situations,Configuration / Basis,Monitor situations and check instance details.,2026-02-27,https://help.sap.com/docs/SAP_S4HANA_ON-PREMISE?version=2022
497,https://education.hana.ondemand.com/education/pub/s4/index.html?show=slide!SL_E5364B09C29223A2,Cash Specialist,New Bank Statement Reprocessing Rules,New Bank Statement Reprocessing Rules,General,Define your own reprocessing rules to post open bank statement items. You can also automate these rules so that they automatically run with the import of bank statements.,2026-02-27,https://help.sap.com/docs/SAP_S4HANA_ON-PREMISE?version=2022
498,https://education.hana.ondemand.com/education/pub/s4/index.html?show=project!PR_A10E5F0CE4718491,General Ledger Accountant,Opening Correspondence,Opening Correspondence,Finance - General Ledger (FI-GL),Create open items correspondence.,2026-02-27,https://help.sap.com/docs/SAP_S4HANA_ON-PREMISE?version=2022
499,https://education.hana.ondemand.com/education/pub/s4/index.html?show=project!PR_4F928A83E597A78C,Product Master Data Specialist,Opening New Material Master Periods,Opening New Material Master Periods,General,Open a new material master period when a new period starts.,2026-02-27,https://help.sap.com/docs/SAP_S4HANA_ON-PREMISE?version=2022
500,https://education.hana.ondemand.com/education/pub/s4/index.html?show=project!PR_E3AEBE5BB153A9B0,Divisional Accountant,Opening Where-Used Lists,Opening Where-Used Lists - Profit Centers,Finance - General Ledger (FI-GL),View information on profit center usage.,2026-02-27,https://help.sap.com/docs/SAP_S4HANA_ON-PREMISE?version=2022
501,https://education.hana.ondemand.com/education/pub/s4/index.html?show=slide!SL_E47D00937C078FA8,Billing Clerk,Output Management,Output Management,Sales - Billing (SD-BIL),Implement an end-to-end scenario for output management in SAP S/4HANA Cloud.,2026-02-27,https://help.sap.com/docs/SAP_S4HANA_ON-PREMISE?version=2022
502,https://education.hana.ondemand.com/education/pub/s4/index.html?show=slide!SL_882B8AFC30496D95,"General Ledger Accountant,Cost Accountant - Overhead ,Cost Accountant - Overhead",Overhead Cost Accounting,Overhead Cost Accounting,Finance - General Ledger (FI-GL),Use transaction-based actual postings that are normally used in overhead cost controlling.,2026-02-27,https://help.sap.com/docs/SAP_S4HANA_ON-PREMISE?version=2022
503,https://education.hana.ondemand.com/education/pub/s4/index.html?show=project!PR_320CAB9700474BA5,Accounts Payable and Receivable Accountant (FI-CA),Performing a Business Partner Financial Overview,Performing a Business Partner Financial Overview,Finance - Accounts Payable (FI-AP),Perform a business partner financial overview                             Manage Business Partner Items,2026-02-27,https://help.sap.com/docs/SAP_S4HANA_ON-PREMISE?version=2022
504,https://education.hana.ondemand.com/education/pub/s4/index.html?show=project!PR_E071E9A5CAE55A6,General Ledger Accountant,Performing Advanced Foreign Currency Valuations,Performing Advanced Foreign Currency Valuations,Finance - General Ledger (FI-GL),"Post the total difference of all open account items to a balance sheet adjustment account, retaining the original account balance. Gains or losses from exchange rate fluctuations will be entered as offsetting entries in separate accounts.",2026-02-27,https://help.sap.com/docs/SAP_S4HANA_ON-PREMISE?version=2022
505,https://education.hana.ondemand.com/education/pub/s4/index.html?show=project!PR_57408C6211A067A9,General Ledger Accountant,Performing Advanced Foreign Currency Valuations,Performing Advanced Foreign Currency Valuations,Finance - General Ledger (FI-GL),Perform advanced foreign currency valuations with the Schedule General Ledger Jobs tile.,2026-02-27,https://help.sap.com/docs/SAP_S4HANA_ON-PREMISE?version=2022
506,https://education.hana.ondemand.com/education/pub/s4/index.html?show=project!PR_5B455FAB0C06F396,Cash Management Specialist,Performing Bank Account Reconciliation,Performing Bank Account Reconciliation,Treasury (TR),Perform bank account reconciliation.,2026-02-27,https://help.sap.com/docs/SAP_S4HANA_ON-PREMISE?version=2022
507,https://education.hana.ondemand.com/education/pub/s4/index.html?show=project!PR_D7155C2022ECC88E,Cash Management Specialist,Performing Bank Account Reconciliation with Drill Down,Performing Bank Account Reconciliation with Drill Down,Treasury (TR),Perform bank account reconciliation with drill down.,2026-02-27,https://help.sap.com/docs/SAP_S4HANA_ON-PREMISE?version=2022
508,https://education.hana.ondemand.com/education/pub/s4/index.html?show=project!PR_5EAE4E7CAEDD9AB4,Billing Clerk,Performing Billing,Performing Billing,Sales - Billing (SD-BIL),Perform billing.,2026-02-27,https://help.sap.com/docs/SAP_S4HANA_ON-PREMISE?version=2022
509,https://education.hana.ondemand.com/education/pub/s4/index.html?show=project!PR_B3B3DE8953A685A0,Consolidation Specialist,Performing Data Preparation for Full Consolidation,Performing Data Preparation for Full Consolidation,Finance - Consolidation (FI-LC),Perform data preparation for full consolidation.,2026-02-27,https://help.sap.com/docs/SAP_S4HANA_ON-PREMISE?version=2022
510,https://education.hana.ondemand.com/education/pub/s4/index.html?show=project!PR_7E9844A3735A8AA7,Consolidation Specialist,Performing Data Preparation for Full Consolidation (Actuals_Activity Based),Performing Data Preparation for Full Consolidation (Actuals_Activity Based),Finance - Consolidation (FI-LC),Perform data preparation for full consolidation.,2026-02-27,https://help.sap.com/docs/SAP_S4HANA_ON-PREMISE?version=2022
511,https://education.hana.ondemand.com/education/pub/s4/index.html?show=project!PR_FC102C435E622EB0,Cost Accountant - Inventory,Performing Delta Posting,Performing Delta Posting,Finance - General Ledger (FI-GL),Generate delta run records in inventory valuation for year-end closing.,2026-02-27,https://help.sap.com/docs/SAP_S4HANA_ON-PREMISE?version=2022
512,https://education.hana.ondemand.com/education/pub/s4/index.html?show=project!PR_F1492E2EB806A2A8,General Ledger Accountant,Performing Dynamic Reclassification of Receivables/Payables,Performing Dynamic Reclassification of Receivables/Payables,Finance - General Ledger (FI-GL),Perform adjustment postings for the case of a sorted list according to remaining items.,2026-02-27,https://help.sap.com/docs/SAP_S4HANA_ON-PREMISE?version=2022
513,https://education.hana.ondemand.com/education/pub/s4/index.html?show=project!PR_A41CEF1A0CD9A09A,General Ledger Accountant,Performing Foreign Currency Valuations,Performing Foreign Currency Valuations,Finance - General Ledger (FI-GL),"Post the difference of all open account items to a balance sheet adjustment account, retaining the original account balance.",2026-02-27,https://help.sap.com/docs/SAP_S4HANA_ON-PREMISE?version=2022
514,https://education.hana.ondemand.com/education/pub/s4/index.html?show=project!PR_11AFBD138F9DACAE,General Ledger Accountant,Performing Foreign Currency Valuations,Performing Foreign Currency Valuations,Finance - General Ledger (FI-GL),Post open account items to a balance sheet adjustment account.,2026-02-27,https://help.sap.com/docs/SAP_S4HANA_ON-PREMISE?version=2022
515,https://education.hana.ondemand.com/education/pub/s4/index.html?show=project!PR_34635B66A88FDF8B,Inventory Manager,Performing General Stock Scrapping: Goods Issue to Cost Center,Performing General Stock Scrapping: Goods Issue to Cost Center,Inventory Management (MM-IM),Book the scrapping from stock.,2026-02-27,https://help.sap.com/docs/SAP_S4HANA_ON-PREMISE?version=2022
516,https://education.hana.ondemand.com/education/pub/s4/index.html?show=project!PR_1B7E354C8A96F3B4,Inventory Manager,Performing Goods Issue for Customer Returns: Goods Issue to CO-PA,Performing Goods Issue for Customer Returns: Goods Issue to CO-PA,Inventory Management (MM-IM),Book goods issues when the customer returns scrapping.,2026-02-27,https://help.sap.com/docs/SAP_S4HANA_ON-PREMISE?version=2022
517,https://education.hana.ondemand.com/education/pub/s4/index.html?show=project!PR_69D14C6BA2D23E9F,Purchaser,Performing Mass Changes to Purchase Contracts,Performing Mass Changes to Purchase Contracts,Procurement (MM-PUR),Perform mass changes to purchase contracts.,2026-02-27,https://help.sap.com/docs/SAP_S4HANA_ON-PREMISE?version=2022
518,https://education.hana.ondemand.com/education/pub/s4/index.html?show=project!PR_97E2F50AB2C8DDAB,Purchaser,Performing Mass Changes to Purchase Requisitions,Performing Mass Changes to Purchase Requisitions,Procurement (MM-PUR),Apply changes to multiple purchase requisition items at the same time.,2026-02-27,https://help.sap.com/docs/SAP_S4HANA_ON-PREMISE?version=2022
519,https://education.hana.ondemand.com/education/pub/s4/index.html?show=project!PR_405E5DB207DE748A,Receiving Specialist,Performing Material Inspection (BKP),Performing Material Inspection (BKP),General,"Enter the inspection results for returned goods, maintain a follow-up activity, and check the inspection status.",2026-02-27,https://help.sap.com/docs/SAP_S4HANA_ON-PREMISE?version=2022
520,https://education.hana.ondemand.com/education/pub/s4/index.html?show=project!PR_39ED54EA1ACCD6AF,Production Planner,Performing Material Requirements Planning at Plant Level,Performing Material Requirements Planning at Plant Level,Production (PP),Create and schedule a new material requirements planning run for a material in discrete manufacturing.,2026-02-27,https://help.sap.com/docs/SAP_S4HANA_ON-PREMISE?version=2022
521,https://education.hana.ondemand.com/education/pub/s4/index.html?show=project!PR_563C4FF3B3FBB9A7,Shipping Specialist,Performing Picking,Performing Picking - Back to Customer,Logistics - Shipping (LE-SHP),Pick stock to return to the customer.,2026-02-27,https://help.sap.com/docs/SAP_S4HANA_ON-PREMISE?version=2022
522,https://education.hana.ondemand.com/education/pub/s4/index.html?show=project!PR_427B519688225395,Consolidation Specialist,Performing the Consolidation Process for Full Consolidation,Performing the Consolidation Process for Full Consolidation,Finance - Consolidation (FI-LC),Perform the consolidation process for full consolidation.,2026-02-27,https://help.sap.com/docs/SAP_S4HANA_ON-PREMISE?version=2022
523,https://education.hana.ondemand.com/education/pub/s4/index.html?show=project!PR_3FAF5CCB3188D0BF,Consolidation Specialist,Performing the Consolidation Process for Full Consolidation (Actuals_Activity Based),Performing the Consolidation Process for Full Consolidation (Actuals_Activity Based),Finance - Consolidation (FI-LC),Perform the consolidation process for full consolidation.,2026-02-27,https://help.sap.com/docs/SAP_S4HANA_ON-PREMISE?version=2022
524,https://education.hana.ondemand.com/education/pub/s4/index.html?show=project!PR_6EEFE4654130F592,Consolidation Specialist,Performing the Consolidation Process for Initial Consolidation,Performing the Consolidation Process for Initial Consolidation,Finance - Consolidation (FI-LC),Perform the consolidation process for initial consolidation.,2026-02-27,https://help.sap.com/docs/SAP_S4HANA_ON-PREMISE?version=2022
525,https://education.hana.ondemand.com/education/pub/s4/index.html?show=project!PR_DB5675840E5A05B3,Consolidation Specialist,Performing the Consolidation Process for Initial Consolidation (Actuals_Activity Based),Performing the Consolidation Process for Initial Consolidation (Actuals_Activity Based),Finance - Consolidation (FI-LC),Perform the consolidation process for initial consolidation.,2026-02-27,https://help.sap.com/docs/SAP_S4HANA_ON-PREMISE?version=2022
526,https://education.hana.ondemand.com/education/pub/s4/index.html?show=project!PR_AF305A1FC553A481,General Ledger Accountant,Performing Trial Balances,Performing Trial Balances,Finance - General Ledger (FI-GL),Display trial balances.,2026-02-27,https://help.sap.com/docs/SAP_S4HANA_ON-PREMISE?version=2022
527,https://education.hana.ondemand.com/education/pub/s4/index.html?show=project!PR_4DFFE4D574ED2CB9,General Ledger Accountant,Performing Write-offs for GR/IR Accounts,Performing Write-offs for GR/IR Accounts,Finance - General Ledger (FI-GL),Write off open items for purchasing document items to resolve amount or quantity differences.,2026-02-27,https://help.sap.com/docs/SAP_S4HANA_ON-PREMISE?version=2022
528,https://education.hana.ondemand.com/education/pub/s4/index.html?show=project!PR_8ABEC72980EBC796,Asset Accountant,Performing Year End Closing,Performing Year End Closing,Finance - Asset Accounting (FI-AA),Perform year end closing.,2026-02-27,https://help.sap.com/docs/SAP_S4HANA_ON-PREMISE?version=2022
529,https://education.hana.ondemand.com/education/pub/s4/index.html?show=slide!SL_530186751A5B7298,"Cost Accountant - Overhead,Cost Accountant - Production",Period-End Closing,Period-End Closing - Maintenance Orders,Finance - General Ledger (FI-GL),"Execute settlement, closing, and reporting when the cost is recorded in maintenance order types.",2026-02-27,https://help.sap.com/docs/SAP_S4HANA_ON-PREMISE?version=2022
530,https://education.hana.ondemand.com/education/pub/s4/index.html?show=slide!SL_AB34DD591B68A0A0,"Cost Accountant - Overhead,Accounts Payable Accountant,Product Master Data Specialist,Cost Accountant - Production",Period-End Closing,Period-End Closing - Plant,Finance - Accounts Payable (FI-AP),"Assign costs incurred during production activities, such as materials manufactured in-house, to those activities.",2026-02-27,https://help.sap.com/docs/SAP_S4HANA_ON-PREMISE?version=2022
531,https://education.hana.ondemand.com/education/pub/s4/index.html?show=project!PR_306C438A5A0779A4,"Key User,Employee",Personalizing the Classic Home Page,Personalizing the Classic Home Page,Human Capital Management (HCM),Add and remove groups. Add and remove apps from groups. Maintain your favorite apps.,2026-02-27,https://help.sap.com/docs/SAP_S4HANA_ON-PREMISE?version=2022
532,https://education.hana.ondemand.com/education/pub/s4/index.html?show=slide!SL_621A8C860C33A493,"Inventory Manager,Warehouse Clerk",Physical Inventory,Physical Inventory - Cycle Counting,Inventory Management (MM-IM),"The cycle counting method is a special procedure of physical inventory which starts with the creation of physical inventory documents. This method is used to count at regular intervals within a fiscal year. After the physical document creation, the physical stocks are compared and realized for the given materials in the system. Any discrepancies between the system quantities and physical count are reviewed.",2026-02-27,https://help.sap.com/docs/SAP_S4HANA_ON-PREMISE?version=2022
533,https://education.hana.ondemand.com/education/pub/s4/index.html?show=slide!SL_DD878ADEDA4477BB,"Warehouse Clerk,Inventory Manager",Physical Inventory,Physical Inventory - Inventory Count and Adjustment,Inventory Management (MM-IM),Perform the necessary adjustments to stock on hand after a physical count.,2026-02-27,https://help.sap.com/docs/SAP_S4HANA_ON-PREMISE?version=2022
534,https://education.hana.ondemand.com/education/pub/s4/index.html?show=project!PR_C7D73EEA7C60DAAF,Shipping Specialist,Picking a Delivery,Picking a Delivery,Logistics - Shipping (LE-SHP),Perform the picking process for goods.,2026-02-27,https://help.sap.com/docs/SAP_S4HANA_ON-PREMISE?version=2022
535,https://education.hana.ondemand.com/education/pub/s4/index.html?show=project!PR_F4C465B5BE039D86,Shipping Specialist,Picking and Posting a Goods Issue,Picking and Posting a Goods Issue,Logistics - Shipping (LE-SHP),Pick and post a goods issue.,2026-02-27,https://help.sap.com/docs/SAP_S4HANA_ON-PREMISE?version=2022
536,https://education.hana.ondemand.com/education/pub/s4/index.html?show=project!PR_F5F518178AB0CC87,Shipping Specialist,Picking and Posting Goods Issues,Picking and Posting Goods Issues,Logistics - Shipping (LE-SHP),Pick and post a goods issue in a supply chain.,2026-02-27,https://help.sap.com/docs/SAP_S4HANA_ON-PREMISE?version=2022
537,https://education.hana.ondemand.com/education/pub/s4/index.html?show=project!PR_7D092CB1B895978C,Production Operator - Discrete Manufacturing,Picking Components,Picking Components,Production (PP),Pick the materials to be consumed for a production order.,2026-02-27,https://help.sap.com/docs/SAP_S4HANA_ON-PREMISE?version=2022
538,https://education.hana.ondemand.com/education/pub/s4/index.html?show=project!PR_A492A57504BE42A5,Production Operator - Discrete Manufacturing,Picking Components from Picking Lists,Picking Components from Picking Lists,Production (PP),Perform the picking process for a released production order. Pick the materials that are not in the service stock at the assembly aisle.,2026-02-27,https://help.sap.com/docs/SAP_S4HANA_ON-PREMISE?version=2022
539,https://education.hana.ondemand.com/education/pub/s4/index.html?show=project!PR_6608A8D0B65F20A8,Shipping Specialist,Picking for Inspection (BKP),Picking for Inspection (BKP),Logistics - Shipping (LE-SHP),Pick stock for the return order created previously.,2026-02-27,https://help.sap.com/docs/SAP_S4HANA_ON-PREMISE?version=2022
540,https://education.hana.ondemand.com/education/pub/s4/index.html?show=project!PR_518E71CCD91D2AB3,Shipping Specialist,Picking for Shipment (BKP),Picking for Shipment (BKP),Logistics - Shipping (LE-SHP),Pick stock for a replacement delivery.,2026-02-27,https://help.sap.com/docs/SAP_S4HANA_ON-PREMISE?version=2022
541,https://education.hana.ondemand.com/education/pub/s4/index.html?show=project!PR_668F5B381E5F33AE,Shipping Specialist,Posting a Goods Issue,Posting a Goods Issue,Logistics - Shipping (LE-SHP),Post a goods issue for delivery.,2026-02-27,https://help.sap.com/docs/SAP_S4HANA_ON-PREMISE?version=2022
542,https://education.hana.ondemand.com/education/pub/s4/index.html?show=project!PR_8C2AD5233B037EB2,Asset Accountant,Posting Acquisition (Integrated AP) Without a Purchase Order,Posting Acquisition (Integrated AP) Without a Purchase Order,Finance - Asset Accounting (FI-AA),Post an acquisition without a purchase order directly against a vendor.,2026-02-27,https://help.sap.com/docs/SAP_S4HANA_ON-PREMISE?version=2022
543,https://education.hana.ondemand.com/education/pub/s4/index.html?show=project!PR_121C8057AC8125B8,Asset Accountant,Posting Acquisitions without Order (Integrated AP) (J62),Posting Acquisitions without Order (Integrated AP) (J62),Finance - Asset Accounting (FI-AA),Post acquisitions without a purchase order directly against a vendor in asset accounting.,2026-02-27,https://help.sap.com/docs/SAP_S4HANA_ON-PREMISE?version=2022
544,https://education.hana.ondemand.com/education/pub/s4/index.html?show=project!PR_DF54E8BADEAE3B8F,Asset Accountant,Posting Asset Revaluations,Posting Asset Revaluations,Finance - Asset Accounting (FI-AA),Post a revaluation amount for an asset.,2026-02-27,https://help.sap.com/docs/SAP_S4HANA_ON-PREMISE?version=2022
545,https://education.hana.ondemand.com/education/pub/s4/index.html?show=project!PR_FD4D4E3ED1C3CB9F,General Ledger Accountant,Posting B/S Reclassifications,Posting B/S Reclassifications,Finance - General Ledger (FI-GL),Post balance sheet reclassifications with the Schedule General Ledger Jobs tile.,2026-02-27,https://help.sap.com/docs/SAP_S4HANA_ON-PREMISE?version=2022
546,https://education.hana.ondemand.com/education/pub/s4/index.html?show=project!PR_C3CC10658BEFC8D,Asset Accountant,Posting Credit Memos After Year of Invoice,Posting Credit Memos After Year of Invoice,Finance - Asset Accounting (FI-AA),Enter credit memo data and post it after the year of invoice.,2026-02-27,https://help.sap.com/docs/SAP_S4HANA_ON-PREMISE?version=2022
547,https://education.hana.ondemand.com/education/pub/s4/index.html?show=project!PR_4C65064546375B5,Asset Accountant,Posting Credit Memos In Year of Invoice,Posting Credit Memos In Year of Invoice,Finance - Asset Accounting (FI-AA),Enter credit memo data and post it in the year of invoice.,2026-02-27,https://help.sap.com/docs/SAP_S4HANA_ON-PREMISE?version=2022
548,https://education.hana.ondemand.com/education/pub/s4/index.html?show=project!PR_AC5344FB2EA92FA7,General Ledger Accountant,Posting Credit-Risk-Based Impairments,Posting Credit-Risk-Based Impairments,Finance - General Ledger (FI-GL),Post credit-risk-based impairments with the Schedule General Ledger Jobs tile.,2026-02-27,https://help.sap.com/docs/SAP_S4HANA_ON-PREMISE?version=2022
549,https://education.hana.ondemand.com/education/pub/s4/index.html?show=project!PR_195E7CA7A6C7C5B5,General Ledger Accountant,Posting Currency Adjustments,Posting Currency Adjustments,Finance - General Ledger (FI-GL),Adjust account balances in foreign currencies. Enter amounts for specific currencies directly.,2026-02-27,https://help.sap.com/docs/SAP_S4HANA_ON-PREMISE?version=2022
550,https://education.hana.ondemand.com/education/pub/s4/index.html?show=project!PR_C00C4DB9D57EB88D,General Ledger Accountant,Posting Currency Adjustments (J58),Posting Currency Adjustments (J58),Finance - General Ledger (FI-GL),Adjust account balances in foreign currencies.,2026-02-27,https://help.sap.com/docs/SAP_S4HANA_ON-PREMISE?version=2022
551,https://education.hana.ondemand.com/education/pub/s4/index.html?show=project!PR_75884076A491F490,General Ledger Accountant,Posting Discount of Long-Term Assets and Liabilities,Posting Discount of Long-Term Assets and Liabilities,Finance - General Ledger (FI-GL),Post discount of long-term assets and liabilities with the Schedule General Ledger Jobs tile.,2026-02-27,https://help.sap.com/docs/SAP_S4HANA_ON-PREMISE?version=2022
552,https://education.hana.ondemand.com/education/pub/s4/index.html?show=project!PR_742253CFBB459A83,Accounts Payable and Receivable Accountant (FI-CA),Posting Documents,Posting Documents,Finance - Accounts Payable (FI-AP),Post documents and maintain card data.,2026-02-27,https://help.sap.com/docs/SAP_S4HANA_ON-PREMISE?version=2022
553,https://education.hana.ondemand.com/education/pub/s4/index.html?show=project!PR_692800DB5F9417A8,Accounts Receivable Accountant,Posting Down Payments,Posting Down Payments,Finance - Accounts Receivable (FI-AR),Process an incoming payment.,2026-02-27,https://help.sap.com/docs/SAP_S4HANA_ON-PREMISE?version=2022
554,https://education.hana.ondemand.com/education/pub/s4/index.html?show=project!PR_FF0C888675876DA7,General Ledger Accountant,Posting Expenses to the Central Cost Center,Posting Expenses to the Central Cost Center,Finance - General Ledger (FI-GL),Post costs to be distributed later via top-down distribution.,2026-02-27,https://help.sap.com/docs/SAP_S4HANA_ON-PREMISE?version=2022
555,https://education.hana.ondemand.com/education/pub/s4/index.html?show=project!PR_49892976BA81CFB0,Cash Management Specialist,Posting Free Form Payment Requests,Posting Free Form Payment Requests,Treasury (TR),"Create, select, and release a free form payment request. The payment can then be generated by the program.",2026-02-27,https://help.sap.com/docs/SAP_S4HANA_ON-PREMISE?version=2022
556,https://education.hana.ondemand.com/education/pub/s4/index.html?show=project!PR_7612B1EAD4512488,General Ledger Accountant,Posting General Journal Entries (1GA),Posting General Journal Entries (1GA),Finance - General Ledger (FI-GL),Post the G/L account documents you received.,2026-02-27,https://help.sap.com/docs/SAP_S4HANA_ON-PREMISE?version=2022
557,https://education.hana.ondemand.com/education/pub/s4/index.html?show=project!PR_E60EEC1DD83CB591,General Ledger Accountant,Posting General Journal Entries (J58),Posting General Journal Entries (J58),Finance - General Ledger (FI-GL),"Make manual postings to general ledger accounts, assign postings to a cost center and calculate tax.",2026-02-27,https://help.sap.com/docs/SAP_S4HANA_ON-PREMISE?version=2022
558,https://education.hana.ondemand.com/education/pub/s4/index.html?show=project!PR_19A3BD0C70E5DF8D,Shipping Specialist,Posting Goods Issue,Posting Goods Issue,Logistics - Shipping (LE-SHP),Post goods issue for an outbound delivery.,2026-02-27,https://help.sap.com/docs/SAP_S4HANA_ON-PREMISE?version=2022
559,https://education.hana.ondemand.com/education/pub/s4/index.html?show=project!PR_43582DB5667DAEAA,Shipping Specialist,Posting Goods Issues,Posting Goods Issues,Logistics - Shipping (LE-SHP),Post a goods issue in free goods processing.,2026-02-27,https://help.sap.com/docs/SAP_S4HANA_ON-PREMISE?version=2022
560,https://education.hana.ondemand.com/education/pub/s4/index.html?show=project!PR_3204D28EFA9E879C,Shipping Specialist,Posting Goods Issues (1MI),Posting Goods Issues (1MI),Logistics - Shipping (LE-SHP),Post a goods issue and print a goods issue form in delivery processing without order reference.,2026-02-27,https://help.sap.com/docs/SAP_S4HANA_ON-PREMISE?version=2022
561,https://education.hana.ondemand.com/education/pub/s4/index.html?show=project!PR_9424AA6DAB4AE58F,Shipping Specialist,Posting Goods Issues (2ET),Posting Goods Issues (2ET),Logistics - Shipping (LE-SHP),Post a goods issue for an outbound delivery.,2026-02-27,https://help.sap.com/docs/SAP_S4HANA_ON-PREMISE?version=2022
562,https://education.hana.ondemand.com/education/pub/s4/index.html?show=project!PR_E40B805B65D5D385,Shipping Specialist,Posting Goods Issues (BKJ),Posting Goods Issues (BKJ),Logistics - Shipping (LE-SHP),Process a good movement and preview the delivery document.,2026-02-27,https://help.sap.com/docs/SAP_S4HANA_ON-PREMISE?version=2022
563,https://education.hana.ondemand.com/education/pub/s4/index.html?show=project!PR_5AB30C195249D28C,Warehouse Clerk,Posting Goods Issues for Defective Materials,Posting Goods Issues for Defective Materials,Warehouse Management (WM),Assign serial numbers and post goods issues.,2026-02-27,https://help.sap.com/docs/SAP_S4HANA_ON-PREMISE?version=2022
564,https://education.hana.ondemand.com/education/pub/s4/index.html?show=project!PR_5595C88D3ED4CE94,Receiving Specialist,Posting Goods Receipt,Posting Goods Receipt,General,Complete a Posting Goods Receipt,2026-02-27,https://help.sap.com/docs/SAP_S4HANA_ON-PREMISE?version=2022
565,https://education.hana.ondemand.com/education/pub/s4/index.html?show=project!PR_79BADE72DF0724B3,Shipping Specialist,Posting Goods Receipt (BDD),Posting Goods Receipt (BDD),Logistics - Shipping (LE-SHP),Manage an outbound delivery by posting a goods issue.,2026-02-27,https://help.sap.com/docs/SAP_S4HANA_ON-PREMISE?version=2022
566,https://education.hana.ondemand.com/education/pub/s4/index.html?show=project!PR_F73D252DD4E871A2,Warehouse Clerk,Posting Goods Receipt Without Reference,Posting Goods Receipt Without Reference,Warehouse Management (WM),Post goods receipts without reference and review the documents.,2026-02-27,https://help.sap.com/docs/SAP_S4HANA_ON-PREMISE?version=2022
567,https://education.hana.ondemand.com/education/pub/s4/index.html?show=project!PR_63E26CDD41F46392,Shipping Specialist,Posting Goods Receipts (BKP),Posting Goods Receipts (BKP),Logistics - Shipping (LE-SHP),Post a goods receipt for goods that have been returned in accelerated customer returns.,2026-02-27,https://help.sap.com/docs/SAP_S4HANA_ON-PREMISE?version=2022
568,https://education.hana.ondemand.com/education/pub/s4/index.html?show=project!PR_1AB8CF8B87B7DD82,Warehouse Clerk,Posting Goods Receipts (BMD),Posting Goods Receipts (BMD),Warehouse Management (WM),Post a goods receipt in a purchase contract.,2026-02-27,https://help.sap.com/docs/SAP_S4HANA_ON-PREMISE?version=2022
569,https://education.hana.ondemand.com/education/pub/s4/index.html?show=project!PR_448209841C44AB8E,Warehouse Clerk,Posting Goods Receipts (BNX),Posting Goods Receipts (BNX),Warehouse Management (WM),Post a goods receipt for a purchase order.,2026-02-27,https://help.sap.com/docs/SAP_S4HANA_ON-PREMISE?version=2022
570,https://education.hana.ondemand.com/education/pub/s4/index.html?show=project!PR_2040912448D4FFB3,Warehouse Clerk,Posting Goods Receipts for Consignment Material,Posting Goods Receipts for Consignment Material,Warehouse Management (WM),Post a goods receipt for a consignment material.,2026-02-27,https://help.sap.com/docs/SAP_S4HANA_ON-PREMISE?version=2022
571,https://education.hana.ondemand.com/education/pub/s4/index.html?show=project!PR_5C7E80E5D8AB68A3,Warehouse Clerk,Posting Goods Receipts for Down Payments,Posting Goods Receipts for Down Payments,Warehouse Management (WM),Post a goods receipt for a down payment purchase order.,2026-02-27,https://help.sap.com/docs/SAP_S4HANA_ON-PREMISE?version=2022
572,https://education.hana.ondemand.com/education/pub/s4/index.html?show=project!PR_B20BC3997CC005B4,Warehouse Clerk,Posting Goods Receipts for Production Orders (BJ5),Posting Goods Receipts for Production Orders (BJ5),Warehouse Management (WM),Post a goods receipt material document for a finished production order in discrete manufacturing.,2026-02-27,https://help.sap.com/docs/SAP_S4HANA_ON-PREMISE?version=2022
573,https://education.hana.ondemand.com/education/pub/s4/index.html?show=project!PR_3150D8F2B039DE81,Warehouse Clerk,Posting Goods Receipts for Purchase Orders (J45),Posting Goods Receipts for Purchase Orders (J45),Warehouse Management (WM),Goods ordered by a purchase order arrive at warehouse. The goods receipt is to be posted.,2026-02-27,https://help.sap.com/docs/SAP_S4HANA_ON-PREMISE?version=2022
574,https://education.hana.ondemand.com/education/pub/s4/index.html?show=project!PR_5D1CB3A741611E99,Warehouse Clerk,Posting Goods Receipts for Purchasing Documents,Posting Goods Receipts for Purchasing Documents,Warehouse Management (WM),Goods ordered by a purchase order arrive at warehouse. The goods receipt is to be posted.,2026-02-27,https://help.sap.com/docs/SAP_S4HANA_ON-PREMISE?version=2022
575,https://education.hana.ondemand.com/education/pub/s4/index.html?show=project!PR_234306E00060FC97,Warehouse Clerk,Posting Goods Receipts for Rework Production Orders,Posting Goods Receipts for Rework Production Orders,Warehouse Management (WM),Post goods receipts for reworked production orders.,2026-02-27,https://help.sap.com/docs/SAP_S4HANA_ON-PREMISE?version=2022
576,https://education.hana.ondemand.com/education/pub/s4/index.html?show=project!PR_DC747172BEC79099,Warehouse Clerk,Posting Goods Receipts for Subassembly Production Orders,Posting Goods Receipts for Subassembly Production Orders,Warehouse Management (WM),Post a goods receipt against a production order for completed material.,2026-02-27,https://help.sap.com/docs/SAP_S4HANA_ON-PREMISE?version=2022
577,https://education.hana.ondemand.com/education/pub/s4/index.html?show=project!PR_F2EE448BD337948D,Warehouse Clerk,Posting Goods Receipts for Subcontract Purchase Orders,Posting Goods Receipts for Subcontract Purchase Orders,Warehouse Management (WM),Generate a goods receipt for a purchase order.,2026-02-27,https://help.sap.com/docs/SAP_S4HANA_ON-PREMISE?version=2022
578,https://education.hana.ondemand.com/education/pub/s4/index.html?show=project!PR_DD717B76459144AA,Accounts Receivable Accountant,Posting Incoming Payments,Posting Incoming Payments,Finance - Accounts Receivable (FI-AR),Post incoming payments from customers. (The amount should be the remaining invoice balance after the customer's down payment.),2026-02-27,https://help.sap.com/docs/SAP_S4HANA_ON-PREMISE?version=2022
579,https://education.hana.ondemand.com/education/pub/s4/index.html?show=project!PR_B9D5239C8890068A,Accounts Receivable Accountant,Posting Incoming Payments,Posting Incoming Payments,Finance - Accounts Receivable (FI-AR),Post incoming payments.,2026-02-27,https://help.sap.com/docs/SAP_S4HANA_ON-PREMISE?version=2022
580,https://education.hana.ondemand.com/education/pub/s4/index.html?show=project!PR_49946B792BECDAAD,Inventory Manager,Posting Inventory Count Differences,Posting Inventory Count Differences,Inventory Management (MM-IM),Post the differences in inventory counts.,2026-02-27,https://help.sap.com/docs/SAP_S4HANA_ON-PREMISE?version=2022
581,https://education.hana.ondemand.com/education/pub/s4/index.html?show=project!PR_A230B4ED7A4F5AD,Inventory Manager,Posting Inventory Count Differences,Posting Inventory Count Differences,Inventory Management (MM-IM),Post the differences in inventory counts.,2026-02-27,https://help.sap.com/docs/SAP_S4HANA_ON-PREMISE?version=2022
582,https://education.hana.ondemand.com/education/pub/s4/index.html?show=project!PR_A0A8F02FD47FE6B2,General Ledger Accountant,Posting Manual Accruals and Deferrals,Posting Manual Accruals and Deferrals,Finance - General Ledger (FI-GL),Post manual accruals and deferrals.,2026-02-27,https://help.sap.com/docs/SAP_S4HANA_ON-PREMISE?version=2022
583,https://education.hana.ondemand.com/education/pub/s4/index.html?show=project!PR_4CFCC5C474BF55B7,Accounts Payable and Receivable Accountant (FI-CA),Posting Payment Lots,Posting Payment Lots,Finance - Accounts Payable (FI-AP),Posting Payment Lots.,2026-02-27,https://help.sap.com/docs/SAP_S4HANA_ON-PREMISE?version=2022
584,https://education.hana.ondemand.com/education/pub/s4/index.html?show=project!PR_1897E82BB4A6A0BA,Asset Accountant,Posting Post-Capitalizations,Posting Post-Capitalizations,Finance - Asset Accounting (FI-AA),Post a post-capitalization to a new asset.,2026-02-27,https://help.sap.com/docs/SAP_S4HANA_ON-PREMISE?version=2022
585,https://education.hana.ondemand.com/education/pub/s4/index.html?show=project!PR_70C3DC9C6E23A7AC,General Ledger Accountant,Posting Recurring Journal Entries,Posting Recurring Journal Entries,Finance - General Ledger (FI-GL),Post recurring journal entries.,2026-02-27,https://help.sap.com/docs/SAP_S4HANA_ON-PREMISE?version=2022
586,https://education.hana.ondemand.com/education/pub/s4/index.html?show=project!PR_A2010778AA96B497,Asset Accountant,Posting Retirement (Integrated) with Customer,Posting Retirement (Integrated) with Customer,Finance - Asset Accounting (FI-AA),Post a retirement from an asset sale directly against a customer in asset accounting.,2026-02-27,https://help.sap.com/docs/SAP_S4HANA_ON-PREMISE?version=2022
587,https://education.hana.ondemand.com/education/pub/s4/index.html?show=project!PR_253478DEF30E6281,Asset Accountant,Posting Retirements (Non-Integrated) Without Customer,Posting Retirements (Non-Integrated) Without Customer,Finance - Asset Accounting (FI-AA),Retire a non-integrated asset without a customer in the appropriate year.,2026-02-27,https://help.sap.com/docs/SAP_S4HANA_ON-PREMISE?version=2022
588,https://education.hana.ondemand.com/education/pub/s4/index.html?show=project!PR_EDAC6A0F41AE6DA1,Asset Accountant,Posting Retirements by Scrapping,Posting Retirements by Scrapping,Finance - Asset Accounting (FI-AA),Retire an asset by scrapping it in the appropriate year.,2026-02-27,https://help.sap.com/docs/SAP_S4HANA_ON-PREMISE?version=2022
589,https://education.hana.ondemand.com/education/pub/s4/index.html?show=project!PR_507DBB280B0FF5AB,Warehouse Clerk,Posting Statistical Goods Receipts,Posting Statistical Goods Receipts,Warehouse Management (WM),"After the vendor has sent the shipping notification, you post a statistical goods receipt.",2026-02-27,https://help.sap.com/docs/SAP_S4HANA_ON-PREMISE?version=2022
590,https://education.hana.ondemand.com/education/pub/s4/index.html?show=project!PR_67DA8E497C50FDB5,Cost Accountant - Overhead,Posting Statistical Key Figures,Posting Statistical Key Figures,Finance - General Ledger (FI-GL),Post statistical key figures for use in reporting or as tracing factors for period-based allocations.,2026-02-27,https://help.sap.com/docs/SAP_S4HANA_ON-PREMISE?version=2022
591,https://education.hana.ondemand.com/education/pub/s4/index.html?show=project!PR_7CED3506C42D3F8B,General Ledger Accountant,Posting Tax Payables,Posting Tax Payables,Finance - General Ledger (FI-GL),Pay tax amounts by posting the balances of input and output tax accounts to a tax payable account.,2026-02-27,https://help.sap.com/docs/SAP_S4HANA_ON-PREMISE?version=2022
592,https://education.hana.ondemand.com/education/pub/s4/index.html?show=project!PR_E9A11F0A45FEF4AD,Asset Accountant,Posting Transfers,Posting Transfers - Within Company Code,Finance - Asset Accounting (FI-AA),Transfer an asset from one asset master data record to another within the same company code.,2026-02-27,https://help.sap.com/docs/SAP_S4HANA_ON-PREMISE?version=2022
593,https://education.hana.ondemand.com/education/pub/s4/index.html?show=project!PR_CAE2F3E35E4AFA99,Asset Accountant,Posting Transfers Within Company Code,Posting Transfers Within Company Code,Finance - Asset Accounting (FI-AA),Post transfers from one asset master data record to another within the same company code in asset accounting.,2026-02-27,https://help.sap.com/docs/SAP_S4HANA_ON-PREMISE?version=2022
594,https://education.hana.ondemand.com/education/pub/s4/index.html?show=project!PR_98B82CA31F5152BD,Asset Accountant,Posting Unplanned Depreciations Manually,Posting Unplanned Depreciations Manually,Finance - Asset Accounting (FI-AA),Post an unplanned depreciation asset transaction.,2026-02-27,https://help.sap.com/docs/SAP_S4HANA_ON-PREMISE?version=2022
595,https://education.hana.ondemand.com/education/pub/s4/index.html?show=project!PR_F1C0403DC01C0BB2,Warehouse Clerk,Posting Unrestricted Stock to Quality Inspection Stock,Posting Unrestricted Stock to Quality Inspection Stock,Warehouse Management (WM),Transfer material from unrestricted stock to quality inspection stock.,2026-02-27,https://help.sap.com/docs/SAP_S4HANA_ON-PREMISE?version=2022
596,https://education.hana.ondemand.com/education/pub/s4/index.html?show=project!PR_7C9310DE087576A0,General Ledger Accountant,Posting with Auto-Reverse,Posting with Auto-Reverse,Finance - General Ledger (FI-GL),Post general journal entries with automatic reversal.,2026-02-27,https://help.sap.com/docs/SAP_S4HANA_ON-PREMISE?version=2022
597,https://education.hana.ondemand.com/education/pub/s4/index.html?show=project!PR_9227689C5B650281,Asset Accountant,Posting Writeups,Posting Writeups,Finance - Asset Accounting (FI-AA),Post a writeup asset transaction.,2026-02-27,https://help.sap.com/docs/SAP_S4HANA_ON-PREMISE?version=2022
598,https://education.hana.ondemand.com/education/pub/s4/index.html?show=project!PR_272DCFAFBA4B46AD,Accounts Receivable Accountant,Preparing Customer Contacts,Preparing Customer Contacts,Finance - Accounts Receivable (FI-AR),Document customer contacts.,2026-02-27,https://help.sap.com/docs/SAP_S4HANA_ON-PREMISE?version=2022
599,https://education.hana.ondemand.com/education/pub/s4/index.html?show=project!PR_22BECCCE78B68689,Accounts Receivable Accountant,Preparing Customer Master Data for Dunning,Preparing Customer Master Data for Dunning,Finance - Accounts Receivable (FI-AR),"Assign accounting clerks and dunning clerks to customer business partners, as part of dunning preparations.",2026-02-27,https://help.sap.com/docs/SAP_S4HANA_ON-PREMISE?version=2022
600,https://education.hana.ondemand.com/education/pub/s4/index.html?show=project!PR_C0AA85066EF334B7,Cost Accountant - Overhead,Preparing Files with Data Plan Scope Characteristic Changes,Preparing Files with Data Plan Scope Characteristic Changes,Finance - General Ledger (FI-GL),Change a data plan characteristic and import the file.,2026-02-27,https://help.sap.com/docs/SAP_S4HANA_ON-PREMISE?version=2022
601,https://education.hana.ondemand.com/education/pub/s4/index.html?show=project!PR_49B641B96591FDAF,Group Accountant,Preparing for an Integration Scenario,Preparing for an Integration Scenario,Finance - General Ledger (FI-GL),Set the global parameters for the intercompany integration.,2026-02-27,https://help.sap.com/docs/SAP_S4HANA_ON-PREMISE?version=2022
602,https://education.hana.ondemand.com/education/pub/s4/index.html?show=project!PR_3E1A9299C480FF85,Order Fulfillment Specialist,Preparing/Releasing Sales Order Material Line Items Without Availability Issues for Delivery,Preparing/Releasing Sales Order Material Line Items Without Availability Issues for Delivery,General,Complete release processed sales orders.,2026-02-27,https://help.sap.com/docs/SAP_S4HANA_ON-PREMISE?version=2022
603,https://education.hana.ondemand.com/education/pub/s4/index.html?show=project!PR_702A922275B69EA2,Warehouse Clerk,Previewing Goods Issue Slips,Previewing Goods Issue Slips,Warehouse Management (WM),Search for a material document and post goods issue slips.,2026-02-27,https://help.sap.com/docs/SAP_S4HANA_ON-PREMISE?version=2022
604,https://education.hana.ondemand.com/education/pub/s4/index.html?show=project!PR_EE1A94B8B7C8A682,Warehouse Clerk,Previewing Goods Receipt Slips,Previewing Goods Receipt Slips,Warehouse Management (WM),Search for material documents and preview goods receipt slips.,2026-02-27,https://help.sap.com/docs/SAP_S4HANA_ON-PREMISE?version=2022
605,https://education.hana.ondemand.com/education/pub/s4/index.html?show=project!PR_C8A2A50CB81E8F8F,Billing Clerk,Printing Billing Documents,Printing Billing Documents,Sales - Billing (SD-BIL),Select and print a billing document.,2026-02-27,https://help.sap.com/docs/SAP_S4HANA_ON-PREMISE?version=2022
606,https://education.hana.ondemand.com/education/pub/s4/index.html?show=project!PR_C6E86D28C4BDB94,Internal Sales Representative,Printing Form,Printing Form - Output Management,Sales (SD),Open a sales order and previewing the PDF document.,2026-02-27,https://help.sap.com/docs/SAP_S4HANA_ON-PREMISE?version=2022
607,https://education.hana.ondemand.com/education/pub/s4/index.html?show=project!PR_8D9AB94848B537A5,Internal Sales Representative,Printing Forms (Output Management),Printing Forms (Output Management),Sales (SD),Search for a sales contract and preview a PDF before printing.,2026-02-27,https://help.sap.com/docs/SAP_S4HANA_ON-PREMISE?version=2022
608,https://education.hana.ondemand.com/education/pub/s4/index.html?show=project!PR_7114B6742323C495,Purchaser,Printing Purchase Contracts,Printing Purchase Contracts,Procurement (MM-PUR),Print a purchase contract.,2026-02-27,https://help.sap.com/docs/SAP_S4HANA_ON-PREMISE?version=2022
609,https://education.hana.ondemand.com/education/pub/s4/index.html?show=project!PR_3BC40C0DEC81F690,Internal Sales Representative,Printing Sales Order Forms,Printing Sales Order Forms,Sales (SD),Print a sales order form.,2026-02-27,https://help.sap.com/docs/SAP_S4HANA_ON-PREMISE?version=2022
610,https://education.hana.ondemand.com/education/pub/s4/index.html?show=project!PR_A825E6EAE42E18B0,Internal Sales Representative,Printing Sales Orders (2ET),Printing Sales Orders (2ET),Sales (SD),View and print a sales order.,2026-02-27,https://help.sap.com/docs/SAP_S4HANA_ON-PREMISE?version=2022
611,https://education.hana.ondemand.com/education/pub/s4/index.html?show=project!PR_D2A9A5013EC4DABE,Purchaser,Printing Scheduling Agreements,Printing Scheduling Agreements,Procurement (MM-PUR),Print a scheduling agreement for the material/supplier combination for the new scheduling agreement or one that is already present in the system.,2026-02-27,https://help.sap.com/docs/SAP_S4HANA_ON-PREMISE?version=2022
612,https://education.hana.ondemand.com/education/pub/s4/index.html?show=project!PR_CFEC3432F113D383,General Ledger Accountant,Processing Batch Input Plans,Processing Batch Input Plans,Finance - General Ledger (FI-GL),Process a batch input session.,2026-02-27,https://help.sap.com/docs/SAP_S4HANA_ON-PREMISE?version=2022
613,https://education.hana.ondemand.com/education/pub/s4/index.html?show=project!PR_19E9087B98091A99,Sales Manager,Processing Credit Memo Requests Using Workflows,Processing Credit Memo Requests Using Workflows,Sales (SD),"Approve, reject and rework a credit memo request using workflows.",2026-02-27,https://help.sap.com/docs/SAP_S4HANA_ON-PREMISE?version=2022
614,https://education.hana.ondemand.com/education/pub/s4/index.html?show=project!PR_C13BEE675845DB9C,Production Operator - Repetitive Manufacturing,Processing Error Records,Processing Error Records,Production (PP),Process the backlogs from backflushing.,2026-02-27,https://help.sap.com/docs/SAP_S4HANA_ON-PREMISE?version=2022
615,https://education.hana.ondemand.com/education/pub/s4/index.html?show=project!PR_6000DF7646C432BB,Master Data Steward,Processing Evaluation Run Results,Processing Evaluation Run Results,Master Data Governance (MDG),Process the evaluation run results.,2026-02-27,https://help.sap.com/docs/SAP_S4HANA_ON-PREMISE?version=2022
616,https://education.hana.ondemand.com/education/pub/s4/index.html?show=project!PR_A959EAF44FB7968B,Cash Management Specialist,Processing Free Form Payment Requests,Processing Free Form Payment Requests,Treasury (TR),Release a free form payment to generate a payment you created previously.,2026-02-27,https://help.sap.com/docs/SAP_S4HANA_ON-PREMISE?version=2022
617,https://education.hana.ondemand.com/education/pub/s4/index.html?show=project!PR_D4A9AEC9E7248A8C,Master Data Steward,Processing Mined Rules,Processing Mined Rules,Master Data Governance (MDG),Process a mined rule.,2026-02-27,https://help.sap.com/docs/SAP_S4HANA_ON-PREMISE?version=2022
618,https://education.hana.ondemand.com/education/pub/s4/index.html?show=project!PR_CE513F315784038A,Administrator - Accounts Payable and Receivable (FI-CA),Processing Payment Cards,Processing Payment Cards,Finance - Accounts Payable (FI-AP),Process payment cards.,2026-02-27,https://help.sap.com/docs/SAP_S4HANA_ON-PREMISE?version=2022
619,https://education.hana.ondemand.com/education/pub/s4/index.html?show=project!PR_8D213A7DF9EA59B7,Accounts Payable and Receivable Accountant (FI-CA),Processing Payment Lots,Processing Payment Lots,Finance - Accounts Payable (FI-AP),Payments initiated from business partners can be processed by payment lot and go to clear the open invoices automatically.,2026-02-27,https://help.sap.com/docs/SAP_S4HANA_ON-PREMISE?version=2022
620,https://education.hana.ondemand.com/education/pub/s4/index.html?show=project!PR_A1979CAC21BADFB4,Purchaser,Processing Purchase Requisitions and Creating Purchase Orders,Processing Purchase Requisitions and Creating Purchase Orders,Procurement (MM-PUR),Process a purchase requisition and create a purchase order.,2026-02-27,https://help.sap.com/docs/SAP_S4HANA_ON-PREMISE?version=2022
621,https://education.hana.ondemand.com/education/pub/s4/index.html?show=project!PR_86D01C74FC6841A6,Accounts Payable and Receivable Accountant (FI-CA),Processing Receivables,Processing Receivables,Finance - Accounts Payable (FI-AP),FI-CA documents changes can be displayed.,2026-02-27,https://help.sap.com/docs/SAP_S4HANA_ON-PREMISE?version=2022
622,https://education.hana.ondemand.com/education/pub/s4/index.html?show=project!PR_D7BD9FA152444C9B,Accounts Receivable Accountant,Processing Worklists,Processing Worklists,Finance - Accounts Receivable (FI-AR),"Processing worklists can include processing open items on your worklist, sending mass correspondence to customers, and viewing worklists assigned to others.",2026-02-27,https://help.sap.com/docs/SAP_S4HANA_ON-PREMISE?version=2022
623,https://education.hana.ondemand.com/education/pub/s4/index.html?show=slide!SL_BE2D1D77954EB085,"Purchaser,Purchasing Manager,Warehouse Clerk,Accounts Payable Accountant",Procurement of Direct Materials,Procurement of Direct Materials,Finance - Accounts Payable (FI-AP),"Performing the procurement process and providing a detailed procedure for testing this scope item after solution activation, reflecting the predefined scope of the solution.",2026-02-27,https://help.sap.com/docs/SAP_S4HANA_ON-PREMISE?version=2022
624,https://education.hana.ondemand.com/education/pub/s4/index.html?show=slide!SL_43C0D5DC3121539B,"Purchaser,Purchasing Manager,Project Manager - Commercial Services,Accounts Payable Accountant",Procurement of Services,Procurement of Services,Finance - Accounts Payable (FI-AP),Create and approve purchase orders for services.,2026-02-27,https://help.sap.com/docs/SAP_S4HANA_ON-PREMISE?version=2022
625,https://education.hana.ondemand.com/education/pub/s4/index.html?show=project!PR_C860DF77434D3EB3,General Ledger Accountant,Producing an Overview of an Actual General Ledger Distribution Cycle,Producing an Overview of an Actual General Ledger Distribution Cycle,Finance - General Ledger (FI-GL),View reports of actual general ledger distribution cycles.,2026-02-27,https://help.sap.com/docs/SAP_S4HANA_ON-PREMISE?version=2022
626,https://education.hana.ondemand.com/education/pub/s4/index.html?show=slide!SL_905D0AF634F2A592,"Production Supervisor - Discrete Manufacturing,Purchaser,Warehouse Clerk,Accounts Payable Accountant,Production Planner",Production Subcontracting,Production Subcontracting - External Processing,Finance - Accounts Payable (FI-AP),Execute an operation externally within a production order.,2026-02-27,https://help.sap.com/docs/SAP_S4HANA_ON-PREMISE?version=2022
627,https://education.hana.ondemand.com/education/pub/s4/index.html?show=slide!SL_47B36E792BAD53B1,"Cost Accountant - Sales,Cost Accountant - Overhead",Profit and Loss Plan Data Load from File,Profit and Loss Plan Data Load from File,Finance - General Ledger (FI-GL),Load a .csv file with plan data from an external source into SAP S/4HANA Cloud using the provided template.,2026-02-27,https://help.sap.com/docs/SAP_S4HANA_ON-PREMISE?version=2022
628,https://education.hana.ondemand.com/education/pub/s4/index.html?show=project!PR_3A130535B3B7B28D,Cash Management Specialist,Pulling Status Messages from MBC,Pulling Status Messages from MBC,Treasury (TR),Create the payment status XML file and upload it to an SFTP server.,2026-02-27,https://help.sap.com/docs/SAP_S4HANA_ON-PREMISE?version=2022
629,https://education.hana.ondemand.com/education/pub/s4/index.html?show=slide!SL_6DD693C78883F39F,"Purchaser,Warehouse Clerk,Accounts Payable Accountant",Purchase Contract,Purchase Contract,Finance - Accounts Payable (FI-AP),"Provide a detailed procedure for testing this scope item after solution activation, reflecting the predefined scope of the solution. Each process step, report, or item is cov-ered in its own section, providing the system interactions (test steps) in a table view. Steps that are not in scope of the process but are needed for testing are marked ac-cordingly. Project-specific steps must be added.",2026-02-27,https://help.sap.com/docs/SAP_S4HANA_ON-PREMISE?version=2022
630,https://education.hana.ondemand.com/education/pub/s4/index.html?show=slide!SL_6CFAA847ACE4EA8C,"Quality Technician,Quality Technician  ,Quality Engineer,Warehouse Clerk",Quality Management in Discrete Manufacturing,Quality Management in Discrete Manufacturing,Warehouse Management (WM),Manage quality inspection activities in discrete manufacturing processes.,2026-02-27,https://help.sap.com/docs/SAP_S4HANA_ON-PREMISE?version=2022
631,https://education.hana.ondemand.com/education/pub/s4/index.html?show=slide!SL_7A244FCDFF6E48A9,"Purchaser,Warehouse Clerk,Quality Technician,Quality Engineer",Quality Management in Procurement,Quality Management in Procurement,Procurement (MM-PUR),"At goods receipt, a material is posted to quality inspection stock and an inspection lot is created based on an inspection plan.",2026-02-27,https://help.sap.com/docs/SAP_S4HANA_ON-PREMISE?version=2022
632,https://education.hana.ondemand.com/education/pub/s4/index.html?show=slide!SL_6F0C6121129C0DAD,"Internal Sales Representative,Quality Technician,Shipping Specialist,Warehouse Clerk",Quality Management in Sales,Quality Management in Sales,Sales (SD),Learn how to manage quality inspection activities in outbound delivery processes.,2026-02-27,https://help.sap.com/docs/SAP_S4HANA_ON-PREMISE?version=2022
633,https://education.hana.ondemand.com/education/pub/s4/index.html?show=slide!SL_B86B99BD4E6DE386,"Warehouse Clerk,Quality Engineer,Quality Technician",Quality Management in Stock Handling,Quality Management in Stock Handling,Warehouse Management (WM),Manage quality inspection activities during stock handling processes.,2026-02-27,https://help.sap.com/docs/SAP_S4HANA_ON-PREMISE?version=2022
634,https://education.hana.ondemand.com/education/pub/s4/index.html?show=project!PR_582A42625AB18384,"Key User,End User",Rapid Data Migration to SAP S/4HANA,Rapid Data Migration to SAP S/4HANA,Configuration / Basis,Migrate your data to the SAP S/4HANA on-premise system using the SAP Rapid Data Migration tool.,2026-02-27,https://help.sap.com/docs/SAP_S4HANA_ON-PREMISE?version=2022
635,https://education.hana.ondemand.com/education/pub/s4/index.html?show=slide!SL_6DB89D76D7E19584,Purchaser,Real Time Reporting and Monitoring for Procurement,Real Time Reporting and Monitoring for Procurement,Procurement (MM-PUR),Use the procurement overview page to view the most important information and tasks for a purchaser.,2026-02-27,https://help.sap.com/docs/SAP_S4HANA_ON-PREMISE?version=2022
636,https://education.hana.ondemand.com/education/pub/s4/index.html?show=project!PR_D441E94DFA3A3190,Internal Sales Representative,Recalculating Costs in Sales Orders,Recalculating Costs in Sales Orders,Sales (SD),Recalculate the sales order and put an additional price for the extra component. An order confirmation is printed and sent to the customer.,2026-02-27,https://help.sap.com/docs/SAP_S4HANA_ON-PREMISE?version=2022
637,https://education.hana.ondemand.com/education/pub/s4/index.html?show=project!PR_7E8D46654C059FA2,Asset Accountant,Recalculating Values,Recalculating Values,Finance - Asset Accounting (FI-AA),Recalculate a depreciation.,2026-02-27,https://help.sap.com/docs/SAP_S4HANA_ON-PREMISE?version=2022
638,https://education.hana.ondemand.com/education/pub/s4/index.html?show=project!PR_84A5AB27C95CFDB1,Warehouse Clerk,Receiving Goods from a Subcontracting PO (BMY),Receiving Goods from a Subcontracting PO (BMY),Warehouse Management (WM),Post a goods receipt for material against the subcontracting PO.,2026-02-27,https://help.sap.com/docs/SAP_S4HANA_ON-PREMISE?version=2022
639,https://education.hana.ondemand.com/education/pub/s4/index.html?show=project!PR_AD4E431F320AA786,Warehouse Clerk,Receiving Goods from Vendor to Purchase Order,Receiving Goods from Vendor to Purchase Order,Warehouse Management (WM),Receive goods from supplier and match received goods to purchase order in asset accounting.,2026-02-27,https://help.sap.com/docs/SAP_S4HANA_ON-PREMISE?version=2022
640,https://education.hana.ondemand.com/education/pub/s4/index.html?show=project!PR_6821C2AF54096192,Receiving Specialist,Receiving Replacement Material,Receiving Replacement Material,General,Create document for Receiving Replacement Material,2026-02-27,https://help.sap.com/docs/SAP_S4HANA_ON-PREMISE?version=2022
641,https://education.hana.ondemand.com/education/pub/s4/index.html?show=project!PR_49BA4E437F483FB5,General Ledger Accountant,Reconciling GR/IR Accounts,Reconciling GR/IR Accounts,Finance - General Ledger (FI-GL),View details of purchasing document items and clarify unreconciled GR/IR accounts.,2026-02-27,https://help.sap.com/docs/SAP_S4HANA_ON-PREMISE?version=2022
642,https://education.hana.ondemand.com/education/pub/s4/index.html?show=project!PR_D03A43FD1A27C99,Quality Technician,Recording an Inspection Result,Recording an Inspection Result,Quality Management (QM),Perform a QM inspection for manufactured goods and record the result.,2026-02-27,https://help.sap.com/docs/SAP_S4HANA_ON-PREMISE?version=2022
643,https://education.hana.ondemand.com/education/pub/s4/index.html?show=project!PR_591E802FF53FA795,General Ledger Accountant,Recording General Journal Entries with Cost Center,Recording General Journal Entries with Cost Center,Finance - General Ledger (FI-GL),Post accounting documents on the sender cost center account to allocate values to the receiver cost center account.,2026-02-27,https://help.sap.com/docs/SAP_S4HANA_ON-PREMISE?version=2022
644,https://education.hana.ondemand.com/education/pub/s4/index.html?show=project!PR_FA338857CED6F1B9,Quality Technician,Recording Inspection Results,Recording Inspection Results,Quality Management (QM),Quality Technician records the inspection results for a sample size.,2026-02-27,https://help.sap.com/docs/SAP_S4HANA_ON-PREMISE?version=2022
645,https://education.hana.ondemand.com/education/pub/s4/index.html?show=project!PR_9EF8860911B8959B,Quality Technician,Recording Inspection Results  (1FM),Recording Inspection Results  (1FM),Quality Management (QM),Record a inspection result for one inspection lot.,2026-02-27,https://help.sap.com/docs/SAP_S4HANA_ON-PREMISE?version=2022
646,https://education.hana.ondemand.com/education/pub/s4/index.html?show=project!PR_7D933C25807CBB8B,Accounts Payable Accountant,Recording Purchase Order-Related Accounts Payable Transactions,Recording Purchase Order-Related Accounts Payable Transactions,Finance - Accounts Payable (FI-AP),Record a purchase order-related account to payable transactions.,2026-02-27,https://help.sap.com/docs/SAP_S4HANA_ON-PREMISE?version=2022
647,https://education.hana.ondemand.com/education/pub/s4/index.html?show=project!PR_462C26196399DC95,Inventory Manager,Recounting Inventory,Recounting Inventory,Inventory Management (MM-IM),Create a physical inventory document for inventory recount.,2026-02-27,https://help.sap.com/docs/SAP_S4HANA_ON-PREMISE?version=2022
648,https://education.hana.ondemand.com/education/pub/s4/index.html?show=project!PR_DDACAC728F6D64A4,Inventory Manager,Recounting Inventory (BML),Recounting Inventory (BML),Inventory Management (MM-IM),Create a physical inventory document for inventory recount.,2026-02-27,https://help.sap.com/docs/SAP_S4HANA_ON-PREMISE?version=2022
649,https://education.hana.ondemand.com/education/pub/s4/index.html?show=project!PR_3645D07DD049D2BE,Purchaser,Redistributing Workloads,Redistributing Workloads,Procurement (MM-PUR),Reassign purchasing documents to a different purchasing group.,2026-02-27,https://help.sap.com/docs/SAP_S4HANA_ON-PREMISE?version=2022
650,https://education.hana.ondemand.com/education/pub/s4/index.html?show=project!PR_76DAC6DA3E86E5A4,Cash Management Specialist,Reducing GL Accounts,Reducing GL Accounts,Treasury (TR),Reduce a GL account by using bank account reconciliation.,2026-02-27,https://help.sap.com/docs/SAP_S4HANA_ON-PREMISE?version=2022
651,https://education.hana.ondemand.com/education/pub/s4/index.html?show=project!PR_170E1C92613C6F8A,Master Data Specialist - Business Partner Data,Registering Payment Cards in Customer Master Data,Registering Payment Cards in Customer Master Data,General,Add and register payment card information in customer master data.,2026-02-27,https://help.sap.com/docs/SAP_S4HANA_ON-PREMISE?version=2022
652,https://education.hana.ondemand.com/education/pub/s4/index.html?show=project!PR_92BFB509C787F8B7,General Ledger Accountant,Regrouping Receivables and Payables (1GA),Regrouping Receivables and Payables (1GA),Finance - General Ledger (FI-GL),Run a report to carry out adjustment postings for modified reconciliation accounts or special G/L accounts.,2026-02-27,https://help.sap.com/docs/SAP_S4HANA_ON-PREMISE?version=2022
653,https://education.hana.ondemand.com/education/pub/s4/index.html?show=project!PR_B0301F832CE104A4,General Ledger Accountant,Regrouping Receivables/Payables,Regrouping Receivables/Payables,Finance - General Ledger (FI-GL),"Carry out adjustment postings in the sorted list, vendors with a debit balance, customers with a credit balance, and modified reconciliation accounts.",2026-02-27,https://help.sap.com/docs/SAP_S4HANA_ON-PREMISE?version=2022
654,https://education.hana.ondemand.com/education/pub/s4/index.html?show=project!PR_7F8A78CF52C615A2,Warehouse Clerk,Rejecting Material,Rejecting Material,Warehouse Management (WM),Quality engineer makes a usage decision: rejecting the material.,2026-02-27,https://help.sap.com/docs/SAP_S4HANA_ON-PREMISE?version=2022
655,https://education.hana.ondemand.com/education/pub/s4/index.html?show=project!PR_5879FF57DE9838D,Internal Sales Representative,Rejecting Sales Inquiries,Rejecting Sales Inquiries,Sales (SD),Reject a sales inquiry and provide a reason for the rejection.,2026-02-27,https://help.sap.com/docs/SAP_S4HANA_ON-PREMISE?version=2022
656,https://education.hana.ondemand.com/education/pub/s4/index.html?show=project!PR_EA4E18A84D2EC2A8,Credit Controller,Rejecting Sales Orders (1QM),Rejecting Sales Orders (1QM),Controlling (CO),Reject a blocked sales order in advanced credit management.,2026-02-27,https://help.sap.com/docs/SAP_S4HANA_ON-PREMISE?version=2022
657,https://education.hana.ondemand.com/education/pub/s4/index.html?show=project!PR_3E990B8FEA281EB9,Internal Sales Representative,Rejecting Sales Orders and Cancelling Credit Card Authorization,Rejecting Sales Orders and Cancelling Credit Card Authorization,Sales (SD),Reject sales orders and cancel credit card authorization.,2026-02-27,https://help.sap.com/docs/SAP_S4HANA_ON-PREMISE?version=2022
658,https://education.hana.ondemand.com/education/pub/s4/index.html?show=project!PR_1ACFAF6B6EF93586,Internal Sales Representative,Rejecting Sales Quotations,Rejecting Sales Quotations,Sales (SD),Reject a sales quotation and enter a rejection reason.,2026-02-27,https://help.sap.com/docs/SAP_S4HANA_ON-PREMISE?version=2022
659,https://education.hana.ondemand.com/education/pub/s4/index.html?show=slide!SL_3831DBD9DD2530A4,,Release Change Report,Release Change Report,Cross-Functional,Display a list with each tutorial type with the release changes information   .,2026-02-27,https://help.sap.com/docs/SAP_S4HANA_ON-PREMISE?version=2022
660,https://education.hana.ondemand.com/education/pub/s4/index.html?show=project!PR_88F982398D97EB99,Accounts Payable Accountant,Releasing a Payment Proposal,Releasing a Payment Proposal,Finance - Accounts Payable (FI-AP),Release a payment proposal.,2026-02-27,https://help.sap.com/docs/SAP_S4HANA_ON-PREMISE?version=2022
661,https://education.hana.ondemand.com/education/pub/s4/index.html?show=project!PR_EF271CBF733F069D,Production Supervisor - Discrete Manufacturing,Releasing a Production Order,Releasing a Production Order,Production (PP),Assign a release date in accordance with the scheduling margin key.,2026-02-27,https://help.sap.com/docs/SAP_S4HANA_ON-PREMISE?version=2022
662,https://education.hana.ondemand.com/education/pub/s4/index.html?show=project!PR_B5C17E0C14D6E9B9,Production Supervisor - Discrete Manufacturing,Releasing Finished Goods Orders,Releasing Finished Goods Orders,Production (PP),Release a production order for finished goods.,2026-02-27,https://help.sap.com/docs/SAP_S4HANA_ON-PREMISE?version=2022
663,https://education.hana.ondemand.com/education/pub/s4/index.html?show=project!PR_3B2C5D733E010D9E,Accounts Receivable Accountant,Releasing Payment Proposals (19M),Releasing Payment Proposals (19M),Finance - Accounts Receivable (FI-AR),Release a payment proposal in direct debit.,2026-02-27,https://help.sap.com/docs/SAP_S4HANA_ON-PREMISE?version=2022
664,https://education.hana.ondemand.com/education/pub/s4/index.html?show=project!PR_54C6829B9A65B580,Accounts Payable Accountant,Releasing Payment Proposals (J60),Releasing Payment Proposals (J60),Finance - Accounts Payable (FI-AP),Release a payment proposal and view log postings in accounts payable. View payments and exceptions.,2026-02-27,https://help.sap.com/docs/SAP_S4HANA_ON-PREMISE?version=2022
665,https://education.hana.ondemand.com/education/pub/s4/index.html?show=project!PR_FFE4E08F361233A3,Inventory Accountant,Releasing Planned Price Changes,Releasing Planned Price Changes,Finance - General Ledger (FI-GL),Select and release planned price changes.,2026-02-27,https://help.sap.com/docs/SAP_S4HANA_ON-PREMISE?version=2022
666,https://education.hana.ondemand.com/education/pub/s4/index.html?show=project!PR_73E6F0363E80FC8B,Order Fulfillment Specialist,Releasing Processed Sales Orders,Releasing Processed Sales Orders,General,Complete release processed sales orders.,2026-02-27,https://help.sap.com/docs/SAP_S4HANA_ON-PREMISE?version=2022
667,https://education.hana.ondemand.com/education/pub/s4/index.html?show=project!PR_8E6CB7CD0DAF4597,Production Supervisor - Discrete Manufacturing,Releasing Production Orders,Releasing Production Orders,Production (PP),Release a production order.,2026-02-27,https://help.sap.com/docs/SAP_S4HANA_ON-PREMISE?version=2022
668,https://education.hana.ondemand.com/education/pub/s4/index.html?show=project!PR_2F29AA12E01B8D85,Production Supervisor - Discrete Manufacturing,Releasing Production Orders for Subassembly,Releasing Production Orders for Subassembly,Production (PP),Release a production order and all its operations for subassembly.,2026-02-27,https://help.sap.com/docs/SAP_S4HANA_ON-PREMISE?version=2022
669,https://education.hana.ondemand.com/education/pub/s4/index.html?show=project!PR_D825ECF7F9D2358E,Production Supervisor - Discrete Manufacturing,Releasing Rework Production Orders,Releasing Rework Production Orders,Production (PP),Search for and release a production order.,2026-02-27,https://help.sap.com/docs/SAP_S4HANA_ON-PREMISE?version=2022
670,https://education.hana.ondemand.com/education/pub/s4/index.html?show=project!PR_3B1D3762AE230086,Credit Controller,Releasing Sales Orders (1QM),Releasing Sales Orders (1QM),Controlling (CO),Release a blocked sales order in advanced credit management.,2026-02-27,https://help.sap.com/docs/SAP_S4HANA_ON-PREMISE?version=2022
671,https://education.hana.ondemand.com/education/pub/s4/index.html?show=project!PR_B8BD28AABB8D93B1,Internal Sales Representative,Releasing Sales Orders with One-time Payment Cards,Releasing Sales Orders with One-time Payment Cards,Sales (SD),Release sales documents with one-time payment cards and schedule the job.,2026-02-27,https://help.sap.com/docs/SAP_S4HANA_ON-PREMISE?version=2022
672,https://education.hana.ondemand.com/education/pub/s4/index.html?show=project!PR_A4952683EC6F10B1,Internal Sales Representative,Releasing Sales Orders with Payment Cards,Releasing Sales Orders with Payment Cards,Sales (SD),Release sales documents that use payment cards.,2026-02-27,https://help.sap.com/docs/SAP_S4HANA_ON-PREMISE?version=2022
673,https://education.hana.ondemand.com/education/pub/s4/index.html?show=project!PR_8CC3A841A6A99B80,Purchaser,Releasing Scheduling Agreements,Releasing Scheduling Agreements,Procurement (MM-PUR),Release the schedules for the respective scheduling agreement at scheduling agreement level or item level.,2026-02-27,https://help.sap.com/docs/SAP_S4HANA_ON-PREMISE?version=2022
674,https://education.hana.ondemand.com/education/pub/s4/index.html?show=project!PR_D8665AEABC48BE86,Internal Sales Representative,Removing a Billing Block in Sales Contracts Manually,Removing a Billing Block in Sales Contracts Manually,Sales (SD),Manually remove a billing block in sales contracts.,2026-02-27,https://help.sap.com/docs/SAP_S4HANA_ON-PREMISE?version=2022
675,https://education.hana.ondemand.com/education/pub/s4/index.html?show=project!PR_4A31743F314B1F96,Returns and Refund Clerk,Removing Billing Block (BDD),Removing Billing Block (BDD),Sales - Returns (SD-RET),Edit a customer return order by removing a billing block.,2026-02-27,https://help.sap.com/docs/SAP_S4HANA_ON-PREMISE?version=2022
676,https://education.hana.ondemand.com/education/pub/s4/index.html?show=project!PR_98499F867FA72482,Internal Sales Representative,Removing Billing Blocks (1F1),Removing Billing Blocks (1F1),Sales (SD),Remove a billing block on a debit memo.,2026-02-27,https://help.sap.com/docs/SAP_S4HANA_ON-PREMISE?version=2022
677,https://education.hana.ondemand.com/education/pub/s4/index.html?show=project!PR_287ACE86DC80E6B1,Internal Sales Representative,Removing Billing Blocks on Closing Invoices,Removing Billing Blocks on Closing Invoices,Sales (SD),Edit a closing invoice by removing a billing block .,2026-02-27,https://help.sap.com/docs/SAP_S4HANA_ON-PREMISE?version=2022
678,https://education.hana.ondemand.com/education/pub/s4/index.html?show=project!PR_94F22E553BB0898C,Internal Sales Representative,Removing Billing Blocks on Down Payment Requests,Removing Billing Blocks on Down Payment Requests,Sales (SD),Edit a down payment by removing the billing block.,2026-02-27,https://help.sap.com/docs/SAP_S4HANA_ON-PREMISE?version=2022
679,https://education.hana.ondemand.com/education/pub/s4/index.html?show=project!PR_D064943851AE05B9,Configuration Expert - Business Process Configuration,Removing Inconsistent Data After Closing a Bank Account,Removing Inconsistent Data After Closing a Bank Account,Configuration / Basis,Find and remove inconsistent data after closing a bank account.,2026-02-27,https://help.sap.com/docs/SAP_S4HANA_ON-PREMISE?version=2022
680,https://education.hana.ondemand.com/education/pub/s4/index.html?show=project!PR_4F9636C6C96ED385,General Ledger Accountant,Reposting GR/IR Clearing Accounts,Reposting GR/IR Clearing Accounts,Finance - General Ledger (FI-GL),Analyze goods receipt/invoice receipt (GR/IR) clearing accounts at a specified key date.,2026-02-27,https://help.sap.com/docs/SAP_S4HANA_ON-PREMISE?version=2022
681,https://education.hana.ondemand.com/education/pub/s4/index.html?show=project!PR_44526C0E81D41182,Cash Management Specialist for USA,Reprocessing Incoming Checks (Posted On Account and Partly Applied Scenario),Reprocessing Incoming Checks (Posted On Account and Partly Applied Scenario),Treasury (TR),Reprocess an incoming check in the posted on account and partly applied scenarios.,2026-02-27,https://help.sap.com/docs/SAP_S4HANA_ON-PREMISE?version=2022
682,https://education.hana.ondemand.com/education/pub/s4/index.html?show=project!PR_DDD968CE070E14AC,Cash Management Specialist for USA,Reprocessing Incoming Checks (Unprocessed Scenario),Reprocessing Incoming Checks (Unprocessed Scenario),Treasury (TR),Create payment advises for any payment that cannot be applied fully.,2026-02-27,https://help.sap.com/docs/SAP_S4HANA_ON-PREMISE?version=2022
683,https://education.hana.ondemand.com/education/pub/s4/index.html?show=slide!SL_904A1C3E9A65D89B,Purchaser,Request for Price,Request for Price,Procurement (MM-PUR),Create requests for quotations in the SAP S/4HANA system and send them to a supplier via email or as a printed version.,2026-02-27,https://help.sap.com/docs/SAP_S4HANA_ON-PREMISE?version=2022
684,https://education.hana.ondemand.com/education/pub/s4/index.html?show=project!PR_ED7C1010D7935983,Employee - Enterprise Contract Management,Requesting a Legal Contract,Requesting a Legal Contract,Human Capital Management (HCM),Create a legal transaction request in SAP S/4HANA for legal documents.,2026-02-27,https://help.sap.com/docs/SAP_S4HANA_ON-PREMISE?version=2022
685,https://education.hana.ondemand.com/education/pub/s4/index.html?show=slide!SL_4E466F3341C56193,"Employee - Procurement ,Employee - Procurement,Purchaser,Accounts Payable Accountant,Manager,Purchaser ,Accounts Payable Accountant",Requisitioning,Requisitioning,Finance - Accounts Payable (FI-AP),"Create purchase requisitions and convert them to purchase orders. Perform goods receipt confirmations, followed by invoice creation.",2026-02-27,https://help.sap.com/docs/SAP_S4HANA_ON-PREMISE?version=2022
686,https://education.hana.ondemand.com/education/pub/s4/index.html?show=project!PR_E74EF4127F764D89,Production Planner,Rerunning MRP for Sales Orders,Rerunning MRP for Sales Orders,Production (PP),Re-run MRP for a sales order after adding a material for the finished good.,2026-02-27,https://help.sap.com/docs/SAP_S4HANA_ON-PREMISE?version=2022
687,https://education.hana.ondemand.com/education/pub/s4/index.html?show=project!PR_FA86AEE9E1A204A2,General Ledger Accountant,Resetting Cleared Items,Resetting Cleared Items,Finance - General Ledger (FI-GL),Reset documents that should not have been cleared.,2026-02-27,https://help.sap.com/docs/SAP_S4HANA_ON-PREMISE?version=2022
688,https://education.hana.ondemand.com/education/pub/s4/index.html?show=project!PR_55A8F7FF515DF5B1,General Ledger Accountant,Resetting Cleared Items,Resetting Cleared Items,Finance - General Ledger (FI-GL),Reset a document that was mistakenly cleared.,2026-02-27,https://help.sap.com/docs/SAP_S4HANA_ON-PREMISE?version=2022
689,https://education.hana.ondemand.com/education/pub/s4/index.html?show=slide!SL_1F42748F67BD9B8B,"Purchaser,Shipping Specialist,Accounts Payable Accountant,Receiving Specialist",Return to Supplier,Return to Supplier,Finance - Accounts Payable (FI-AP),Create return purchase orders for suppliers and the following documents.,2026-02-27,https://help.sap.com/docs/SAP_S4HANA_ON-PREMISE?version=2022
690,https://education.hana.ondemand.com/education/pub/s4/index.html?show=slide!SL_8BAB9A7D26BA129A,"Warehouse Clerk,Shipping Specialist,Internal Sales Representative,Billing Clerk",Returnables Processing,Returnables Processing,Sales - Billing (SD-BIL),Enable the shipping of standard pallets and their return.,2026-02-27,https://help.sap.com/docs/SAP_S4HANA_ON-PREMISE?version=2022
691,https://education.hana.ondemand.com/education/pub/s4/index.html?show=project!PR_C8168D64291B2E95,Cash Management Specialist,Reversing Bank Statements,Reversing Bank Statements,Treasury (TR),Reverse imported or manually created bank statements.,2026-02-27,https://help.sap.com/docs/SAP_S4HANA_ON-PREMISE?version=2022
692,https://education.hana.ondemand.com/education/pub/s4/index.html?show=project!PR_B89D656B476FA493,Accounts Payable and Receivable Accountant (FI-CA),Reversing Documents,Reversing Documents,Finance - Accounts Payable (FI-AP),"A document can be reversed, for example, open or cleared receivable/credits of a business partner, payment run document and payment lot document.",2026-02-27,https://help.sap.com/docs/SAP_S4HANA_ON-PREMISE?version=2022
693,https://education.hana.ondemand.com/education/pub/s4/index.html?show=project!PR_2C1965F4BCC8EB0,General Ledger Accountant,Reversing General Journal Entries,Reversing General Journal Entries,Finance - General Ledger (FI-GL),"Display, change or reverse documents.",2026-02-27,https://help.sap.com/docs/SAP_S4HANA_ON-PREMISE?version=2022
694,https://education.hana.ondemand.com/education/pub/s4/index.html?show=project!PR_2F1ECDA43EA263B0,Asset Accountant,Reversing Journal Entries,Reversing Journal Entries,Finance - Asset Accounting (FI-AA),Reverse a journal entry and select the reason for the reversal.,2026-02-27,https://help.sap.com/docs/SAP_S4HANA_ON-PREMISE?version=2022
695,https://education.hana.ondemand.com/education/pub/s4/index.html?show=project!PR_BA5F2295D3C5D493,General Ledger Accountant,Reversing Manual Accruals and Deferrals,Reversing Manual Accruals and Deferrals,Finance - General Ledger (FI-GL),Reverse accruals and deferrals documents.,2026-02-27,https://help.sap.com/docs/SAP_S4HANA_ON-PREMISE?version=2022
696,https://education.hana.ondemand.com/education/pub/s4/index.html?show=project!PR_1B36EE34D3CAECB9,Consolidation Specialist,Reviewing and Maintaining Consolidation Units,Reviewing and Maintaining Consolidation Units,Finance - Consolidation (FI-LC),Review and maintain consolidation units.,2026-02-27,https://help.sap.com/docs/SAP_S4HANA_ON-PREMISE?version=2022
697,https://education.hana.ondemand.com/education/pub/s4/index.html?show=project!PR_D446EE4AABBB5991,Credit Controller,Reviewing and Releasing Sales Orders,Reviewing and Releasing Sales Orders,Controlling (CO),Review a sales order in credit management. Assign a credit analyst and a person responsible to a credit case.,2026-02-27,https://help.sap.com/docs/SAP_S4HANA_ON-PREMISE?version=2022
698,https://education.hana.ondemand.com/education/pub/s4/index.html?show=project!PR_56EE8DA4B479C09A,Credit Controller,Reviewing Credit Limits for Business Partners,Reviewing Credit Limits for Business Partners,Controlling (CO),Review a credit limit request for a business partner.,2026-02-27,https://help.sap.com/docs/SAP_S4HANA_ON-PREMISE?version=2022
699,https://education.hana.ondemand.com/education/pub/s4/index.html?show=project!PR_1255343169B21B97,Cost Accountant - Overhead,Reviewing Existing Allocation Results,Reviewing Existing Allocation Results,Finance - General Ledger (FI-GL),Review existing allocation results after a successful run.,2026-02-27,https://help.sap.com/docs/SAP_S4HANA_ON-PREMISE?version=2022
700,https://education.hana.ondemand.com/education/pub/s4/index.html?show=project!PR_F1E8810E37BA2895,Warehouse Clerk,Reviewing Manufacturing Object Pages,Reviewing Manufacturing Object Pages,Warehouse Management (WM),Search for objects and filter search results in rework processing.,2026-02-27,https://help.sap.com/docs/SAP_S4HANA_ON-PREMISE?version=2022
701,https://education.hana.ondemand.com/education/pub/s4/index.html?show=project!PR_7BB182AA3EDC1586,Production Planner,Reviewing Manufacturing Object Pages (BJK),Reviewing Manufacturing Object Pages (BJK),Production (PP),Review different object pages for manufacturing in production subcontracting.,2026-02-27,https://help.sap.com/docs/SAP_S4HANA_ON-PREMISE?version=2022
702,https://education.hana.ondemand.com/education/pub/s4/index.html?show=project!PR_906D3A487EEB808F,Production Supervisor - Discrete Manufacturing,Reviewing Material Availability Status for Production Orders,Reviewing Material Availability Status for Production Orders,Production (PP),Review the material availability status and check missing parts for a production order in discrete manufacturing.,2026-02-27,https://help.sap.com/docs/SAP_S4HANA_ON-PREMISE?version=2022
703,https://education.hana.ondemand.com/education/pub/s4/index.html?show=project!PR_AEC9E552DB3C4397,Accounts Payable Accountant,Reviewing Periodic Payment and Releasing Blocked Invoices,Reviewing Periodic Payment and Releasing Blocked Invoices,Finance - Accounts Payable (FI-AP),Release a blocked invoice for payment.,2026-02-27,https://help.sap.com/docs/SAP_S4HANA_ON-PREMISE?version=2022
704,https://education.hana.ondemand.com/education/pub/s4/index.html?show=project!PR_6FC307E64ABC9BA0,Production Supervisor - Discrete Manufacturing,Reviewing Production Orders,Reviewing Production Orders,Production (PP),Check the detailed information for a production order in discrete manufacturing.,2026-02-27,https://help.sap.com/docs/SAP_S4HANA_ON-PREMISE?version=2022
705,https://education.hana.ondemand.com/education/pub/s4/index.html?show=project!PR_AC8663DA0C5BBE82,Credit Controller,Reviewing Sales Orders (1QM),Reviewing Sales Orders (1QM),Controlling (CO),Review a blocked sales order in advanced credit management.,2026-02-27,https://help.sap.com/docs/SAP_S4HANA_ON-PREMISE?version=2022
706,https://education.hana.ondemand.com/education/pub/s4/index.html?show=project!PR_AF5650CC6C8A5792,Production Supervisor - Discrete Manufacturing,Reviewing Scrap Reports,Reviewing Scrap Reports,Production (PP),Review material scrap details in various chart and table formats in discrete manufacturing.,2026-02-27,https://help.sap.com/docs/SAP_S4HANA_ON-PREMISE?version=2022
707,https://education.hana.ondemand.com/education/pub/s4/index.html?show=project!PR_73DFBD8D1A437E81,Accounts Receivable Accountant,Revising Payment Proposals (19M),Revising Payment Proposals (19M),Finance - Accounts Receivable (FI-AR),Revise a payment proposal in direct debit.,2026-02-27,https://help.sap.com/docs/SAP_S4HANA_ON-PREMISE?version=2022
708,https://education.hana.ondemand.com/education/pub/s4/index.html?show=project!PR_26E10D727477B0AB,Accounts Payable Accountant,Revising Payment Proposals (J60),Revising Payment Proposals (J60),Finance - Accounts Payable (FI-AP),Revise payment proposals for accounts payable.,2026-02-27,https://help.sap.com/docs/SAP_S4HANA_ON-PREMISE?version=2022
709,https://education.hana.ondemand.com/education/pub/s4/index.html?show=slide!SL_8F9DB74F053ED19D,"Production Supervisor - Discrete Manufacturing,Warehouse Clerk,Production Operator - Discrete Manufacturing",Rework Processing,Rework Processing - Stock Manufactured Material,Warehouse Management (WM),"This tutorial package focuses on rework activities and material postings after production execution for the original material, including goods receipts for the product, with an additional rework production order. Issues with the produced material are monitored after it is posted to inventory.",2026-02-27,https://help.sap.com/docs/SAP_S4HANA_ON-PREMISE?version=2022
710,https://education.hana.ondemand.com/education/pub/s4/index.html?show=slide!SL_C2E38E0BD811B89E,"Production Operator,Production Supervisor,Production Engineer",Rework Processing,Rework Processing - Work-in-Progress,Production (PP),"Operations may produce defects. To simulate the process, predefined operations are triggered at the end of the required operation.",2026-02-27,https://help.sap.com/docs/SAP_S4HANA_ON-PREMISE?version=2022
711,https://education.hana.ondemand.com/education/pub/s4/index.html?show=project!PR_9AA10D19E2FE2699,Cash Management Specialist,Routing Payment Files and Payment Transaction Messages,Routing Payment Files and Payment Transaction Messages,Treasury (TR),Route a payment file and transaction from a non-SAP system.,2026-02-27,https://help.sap.com/docs/SAP_S4HANA_ON-PREMISE?version=2022
712,https://education.hana.ondemand.com/education/pub/s4/index.html?show=project!PR_80989B54198B91BB,Cost Accountant - Overhead,Running Assessment Cycles for Quality Costs,Running Assessment Cycles for Quality Costs,Finance - General Ledger (FI-GL),Run an assessment cycle for quality costs collected to the manufacturing cost centers.,2026-02-27,https://help.sap.com/docs/SAP_S4HANA_ON-PREMISE?version=2022
713,https://education.hana.ondemand.com/education/pub/s4/index.html?show=project!PR_E68F54F4B9E3C5B5,Cost Accountant - Overhead,Running Cost Centers Actual Data Reporting,Running Cost Centers Actual Data Reporting,Finance - General Ledger (FI-GL),Run actual data reporting for a cost center.,2026-02-27,https://help.sap.com/docs/SAP_S4HANA_ON-PREMISE?version=2022
714,https://education.hana.ondemand.com/education/pub/s4/index.html?show=project!PR_5A9E86997EDEFAA3,Cost Accountant - Sales,Running Market Segments Actuals Reports,Running Market Segments Actuals Reports,Finance - General Ledger (FI-GL),Run a market segments actuals report. Adjust the columns and rows that appear in the report.,2026-02-27,https://help.sap.com/docs/SAP_S4HANA_ON-PREMISE?version=2022
715,https://education.hana.ondemand.com/education/pub/s4/index.html?show=project!PR_F1D11371134BBB8E,Cost Accountant - Sales,Running Market Segments Actuals Versus Plan Reports,Running Market Segments Actuals Versus Plan Reports,Finance - General Ledger (FI-GL),Run market segments actuals versus plan report. Adjust the columns and rows that appear in the report.,2026-02-27,https://help.sap.com/docs/SAP_S4HANA_ON-PREMISE?version=2022
716,https://education.hana.ondemand.com/education/pub/s4/index.html?show=project!PR_A979F6E00969E9A8,Material Planner - External Procurement,Running Material Requirements Planning (MRP),Running Material Requirements Planning (MRP),Procurement (MM-PUR),Start MRP runs for material with and without delivery schedules.,2026-02-27,https://help.sap.com/docs/SAP_S4HANA_ON-PREMISE?version=2022
717,https://education.hana.ondemand.com/education/pub/s4/index.html?show=project!PR_DF6A4DC2E5662393,Production Planner,Running Material Requirements Planning for Sales Orders,Running Material Requirements Planning for Sales Orders,Production (PP),Schedule a material requirements planning (MPR) run for a sales order.,2026-02-27,https://help.sap.com/docs/SAP_S4HANA_ON-PREMISE?version=2022
718,https://education.hana.ondemand.com/education/pub/s4/index.html?show=slide!SL_4A2F8270FC68EEB9,"Internal Sales Representative,Billing Clerk",Sale of Services,Sale of Services,Sales - Billing (SD-BIL),Create a sales order for the sale of services without delivery and direct (order-related) billing.,2026-02-27,https://help.sap.com/docs/SAP_S4HANA_ON-PREMISE?version=2022
719,https://education.hana.ondemand.com/education/pub/s4/index.html?show=slide!SL_1DA80857D5166982,,Sales,Sales - Part 1,Cross-Functional,,2026-02-27,https://help.sap.com/docs/SAP_S4HANA_ON-PREMISE?version=2022
720,https://education.hana.ondemand.com/education/pub/s4/index.html?show=slide!SL_AFB89EC6F7FF6AAD,"Internal Sales Representative,Billing Clerk,Accounts Receivable Accountant,Shipping Specialist",Sales Contract Management,Sales Contract Management,Finance - Accounts Receivable (FI-AR),Create a sales quantity contract and a value contract for a certain product.,2026-02-27,https://help.sap.com/docs/SAP_S4HANA_ON-PREMISE?version=2022
721,https://education.hana.ondemand.com/education/pub/s4/index.html?show=slide!SL_A3A8C30C3BA198B9,Internal Sales Representative,Sales Inquiry,Sales Inquiry,Sales (SD),"Perform a standard sales inquiry by creating, editing, and rejecting an inquiry.",2026-02-27,https://help.sap.com/docs/SAP_S4HANA_ON-PREMISE?version=2022
722,https://education.hana.ondemand.com/education/pub/s4/index.html?show=slide!SL_C39EDF516D8D3CAE,"Internal Sales Representative,Shipping Specialist,Billing Clerk",Sales Order Entry with One Time Customer,Sales Order Entry with One Time Customer,Sales - Billing (SD-BIL),Process sales order documents that have a customer master record with a CPD account group at the beginning of the order process.,2026-02-27,https://help.sap.com/docs/SAP_S4HANA_ON-PREMISE?version=2022
723,https://education.hana.ondemand.com/education/pub/s4/index.html?show=slide!SL_9AB24F4B1B09C985,"Internal Sales Representative,Shipping Specialist,Billing Clerk",Sales Order Processing for Non-Stock Material,Sales Order Processing for Non-Stock Material,Sales - Billing (SD-BIL),"Processing sales orders for non-stock materials, which are not included in inventory management.",2026-02-27,https://help.sap.com/docs/SAP_S4HANA_ON-PREMISE?version=2022
724,https://education.hana.ondemand.com/education/pub/s4/index.html?show=slide!SL_5B281BDC4AFC5389,"Internal Sales Representative,Billing Clerk,Accounts Receivable Accountant,Shipping Specialist",Sales Order Processing with Customer Down Payment,Sales Order Processing with Customer Down Payment,Finance - Accounts Receivable (FI-AR),Process a sales order with a customer down payment.,2026-02-27,https://help.sap.com/docs/SAP_S4HANA_ON-PREMISE?version=2022
725,https://education.hana.ondemand.com/education/pub/s4/index.html?show=slide!SL_E5DC8621F43B4A86,"Internal Sales Representative,Billing Clerk",Sales Order Processing with Invoice list and Collective Billing,Sales Order Processing with Invoice list and Collective Billing,Sales - Billing (SD-BIL),"Describe the usage of standard sales processing for mass-processing billing. For optimization of shipping costs, all sales orders that are delivered to the same customer are packed into one delivery document. For cost optimization, all deliveries due to be invoiced to the same customer are packed into one invoice document. The revenue is posted to accounting accordingly.",2026-02-27,https://help.sap.com/docs/SAP_S4HANA_ON-PREMISE?version=2022
726,https://education.hana.ondemand.com/education/pub/s4/index.html?show=slide!SL_72C036896B0A5FA3,"Internal Sales Representative,Purchaser,Warehouse Clerk,Billing Clerk,Accounts Payable Accountant",Sales Processing using Third-Party with Shipping Notification,Sales Processing using Third-Party with Shipping Notification,Finance - Accounts Payable (FI-AP),"The standard sales order automatically creates a purchase requisition for the materials to be delivered by third-party vendors. Once vendors have sent a shipping notification, a statistical goods receipt can be posted. Once this has taken place, invoices can be created and issued based on the goods receipt quantities.",2026-02-27,https://help.sap.com/docs/SAP_S4HANA_ON-PREMISE?version=2022
727,https://education.hana.ondemand.com/education/pub/s4/index.html?show=slide!SL_F342E9C1F2C9F3B0,"Internal Sales Representative,Purchaser,Accounts Payable Accountant,Billing Clerk",Sales Processing using Third-Party without Shipping Notification,Sales Processing using Third-Party without Shipping Notification,Finance - Accounts Payable (FI-AP),Create purchase requisition for materials to be delivered by third-party vendors.,2026-02-27,https://help.sap.com/docs/SAP_S4HANA_ON-PREMISE?version=2022
728,https://education.hana.ondemand.com/education/pub/s4/index.html?show=slide!SL_C81E1A27917882AF,Internal Sales Representative,Sales Quotation,Sales Quotation,Sales (SD),"Quotations are created in the system, and can be either accepted or rejected by customers.",2026-02-27,https://help.sap.com/docs/SAP_S4HANA_ON-PREMISE?version=2022
729,https://education.hana.ondemand.com/education/pub/s4/index.html?show=slide!SL_2F438475F94F2EA5,"Internal Sales Representative,Billing Clerk",Sales Rebate Processing,Sales Rebate Processing,Sales - Billing (SD-BIL),"Process a standard condition contract settlement with a customer and provides a detailed procedure for testing this scope item after solution activation, reflecting the predefined scope of the solution.",2026-02-27,https://help.sap.com/docs/SAP_S4HANA_ON-PREMISE?version=2022
730,https://education.hana.ondemand.com/education/pub/s4/index.html?show=slide!SL_7AEDFB09D51A69A8,End User,SAP Best Practices Explorer for SAP S/4HANA,SAP Best Practices Explorer for SAP S/4HANA,General,Search packages and scope items in SAP Best Practices Explorer and activate SAP Best Practices with Solution Builder.,2026-02-27,https://help.sap.com/docs/SAP_S4HANA_ON-PREMISE?version=2022
731,https://education.hana.ondemand.com/education/pub/s4/index.html?show=slide!SL_58ED9919C8C4CDA5,Sales Manager,SAP Fiori Analytical Apps for Sales,SAP Fiori Analytical Apps for Sales,Sales (SD),"For sales and distribution scenarios, this package provides key information required for a sales manager or internal sales representative about the different stages of a sales order.",2026-02-27,https://help.sap.com/docs/SAP_S4HANA_ON-PREMISE?version=2022
732,https://education.hana.ondemand.com/education/pub/s4/index.html?show=slide!SL_470151B503E458A6,"Key User,End User",SAP S/4HANA Data Migration,SAP S/4HANA Data Migration,Configuration / Basis,Learn how easily you can migrate your data to SAP S/4HANA.,2026-02-27,https://help.sap.com/docs/SAP_S4HANA_ON-PREMISE?version=2022
733,https://education.hana.ondemand.com/education/pub/s4/index.html?show=slide!SL_1F191F021DC329B7,"Contract Management Specialist,Legal Counsel,Employee - Enterprise Contract Management,Employee,Administrator - Enterprise Contract Management",SAP S4H Enterprise Contract Management and Assembly,SAP S4H Enterprise Contract Management and Assembly,Human Capital Management (HCM),"SAP S/4HANA Cloud for Enterprise Contract Management connects processes, content, technology and people in legal departments. It provides a central layer for legal content and an integrated platform for legal technology.",2026-02-27,https://help.sap.com/docs/SAP_S4HANA_ON-PREMISE?version=2022
734,https://education.hana.ondemand.com/education/pub/s4/index.html?show=project!PR_84C28762404242B7,Production Planner,Scheduling a Material Requirement Planning (MRP),Scheduling a Material Requirement Planning (MRP),Production (PP),Schedule a material requirement planning.,2026-02-27,https://help.sap.com/docs/SAP_S4HANA_ON-PREMISE?version=2022
735,https://education.hana.ondemand.com/education/pub/s4/index.html?show=project!PR_4500E87CC45FF291,Accounts Receivable Accountant,Scheduling Accounts Receivable Jobs,Scheduling Accounts Receivable Jobs - Automatic Bank Statement Reprocessing – Receivables Clearing,Finance - Accounts Receivable (FI-AR),"With this background job processed, the bank statement can be matched to the invoices automatically for an accounts receivable accountant to clear the items.",2026-02-27,https://help.sap.com/docs/SAP_S4HANA_ON-PREMISE?version=2022
736,https://education.hana.ondemand.com/education/pub/s4/index.html?show=slide!SL_45DF9DECECC87492,"Purchaser,Material Planner - External Procurement",Scheduling Agreements in Procurement,Scheduling Agreements in Procurement,Procurement (MM-PUR),Create scheduling agreements with and without release documentation for standard procurement.,2026-02-27,https://help.sap.com/docs/SAP_S4HANA_ON-PREMISE?version=2022
737,https://education.hana.ondemand.com/education/pub/s4/index.html?show=project!PR_BCC7FF77B6444D8D,Accounts Payable Accountant,Scheduling Delete Bank Chain Jobs,Scheduling Delete Bank Chain Jobs,Finance - Accounts Payable (FI-AP),Schedule jobs to delete unused bank chains.,2026-02-27,https://help.sap.com/docs/SAP_S4HANA_ON-PREMISE?version=2022
738,https://education.hana.ondemand.com/education/pub/s4/index.html?show=project!PR_E8DB5FA77295083,Accounts Receivable Accountant,Scheduling Interest Calculation Jobs,Scheduling Interest Calculation Jobs,Finance - Accounts Receivable (FI-AR),"Create and schedule an interest calculation job, and view the results document.",2026-02-27,https://help.sap.com/docs/SAP_S4HANA_ON-PREMISE?version=2022
739,https://education.hana.ondemand.com/education/pub/s4/index.html?show=project!PR_DDBEC8B909D24293,General Ledger Accountant - Intercompany,Scheduling Matching Run Jobs,Scheduling Matching Run Jobs,Finance - General Ledger (FI-GL),Schedule matching run jobs.,2026-02-27,https://help.sap.com/docs/SAP_S4HANA_ON-PREMISE?version=2022
740,https://education.hana.ondemand.com/education/pub/s4/index.html?show=project!PR_4F0A22E55EE27A92,Material Planner - External Procurement,Scheduling MRP Runs,Scheduling MRP Runs,Procurement (MM-PUR),Create and schedule a new application job for MRP Runs.,2026-02-27,https://help.sap.com/docs/SAP_S4HANA_ON-PREMISE?version=2022
741,https://education.hana.ondemand.com/education/pub/s4/index.html?show=project!PR_F05C5285619AC687,Accounts Receivable Accountant,Scheduling Payment Proposals (19M),Scheduling Payment Proposals (19M),Finance - Accounts Receivable (FI-AR),Schedule a payment proposal in direct debit.,2026-02-27,https://help.sap.com/docs/SAP_S4HANA_ON-PREMISE?version=2022
742,https://education.hana.ondemand.com/education/pub/s4/index.html?show=project!PR_47FE9986A5D3C9A7,Accounts Payable Accountant,Scheduling Payment Proposals (BJK),Scheduling Payment Proposals (BJK),Finance - Accounts Payable (FI-AP),Schedule a payment proposal in production subcontracting.,2026-02-27,https://help.sap.com/docs/SAP_S4HANA_ON-PREMISE?version=2022
743,https://education.hana.ondemand.com/education/pub/s4/index.html?show=project!PR_43794F4EC62FE3BD,Accounts Payable Accountant,Scheduling Payment Proposals (J60),Scheduling Payment Proposals (J60),Finance - Accounts Payable (FI-AP),Create parameters and schedule payment proposals in accounts payable.,2026-02-27,https://help.sap.com/docs/SAP_S4HANA_ON-PREMISE?version=2022
744,https://education.hana.ondemand.com/education/pub/s4/index.html?show=project!PR_902E34DCF7DAB190,Inventory Manager,Scheduling Physical Inventory Document Creation,Scheduling Physical Inventory Document Creation,Inventory Management (MM-IM),Create the documents for the physical inventory.,2026-02-27,https://help.sap.com/docs/SAP_S4HANA_ON-PREMISE?version=2022
745,https://education.hana.ondemand.com/education/pub/s4/index.html?show=project!PR_808E1B2CE889BC8E,Quality Technician,Searching a Batch Alternative 1,Searching a Batch Alternative 1,Quality Management (QM),Search a batch and display factsheet,2026-02-27,https://help.sap.com/docs/SAP_S4HANA_ON-PREMISE?version=2022
746,https://education.hana.ondemand.com/education/pub/s4/index.html?show=project!PR_A845BBF0F39F28AE,Quality Technician,Searching a Batch Alternative 2,Searching a Batch Alternative 2,Quality Management (QM),Search a batch and display factsheet.,2026-02-27,https://help.sap.com/docs/SAP_S4HANA_ON-PREMISE?version=2022
747,https://education.hana.ondemand.com/education/pub/s4/index.html?show=project!PR_7F165597F85513B8,Design Engineer,Searching for Documents,Searching for Documents,General,Search for a specific document in the document management system.,2026-02-27,https://help.sap.com/docs/SAP_S4HANA_ON-PREMISE?version=2022
748,https://education.hana.ondemand.com/education/pub/s4/index.html?show=slide!SL_45B5CE260151B4B8,"Internal Sales Representative,Shipping Specialist,Billing Clerk",Sell from Stock,Sell from Stock,Sales - Billing (SD-BIL),"Perform a standard sell-from-stock sales process, from creating an order to clearing the account after receipt of payment.",2026-02-27,https://help.sap.com/docs/SAP_S4HANA_ON-PREMISE?version=2022
749,https://education.hana.ondemand.com/education/pub/s4/index.html?show=project!PR_40CF22EC20389C9E,Cash Management Specialist,Sending Payment Instructions to MBC,Sending Payment Instructions to MBC,Treasury (TR),Connect to the SFTP server. Check and review the medium file that is sent to MBC.,2026-02-27,https://help.sap.com/docs/SAP_S4HANA_ON-PREMISE?version=2022
750,https://education.hana.ondemand.com/education/pub/s4/index.html?show=project!PR_E07D5BEA06614597,Strategic Buyer,Sending Supplier Evaluation Score Output,Sending Supplier Evaluation Score Output,Procurement (MM-PUR),Create and send a supplier evaluation score output.,2026-02-27,https://help.sap.com/docs/SAP_S4HANA_ON-PREMISE?version=2022
751,https://education.hana.ondemand.com/education/pub/s4/index.html?show=slide!SL_1EEE3C816EFA3CBB,Maintenance Planner,Serial Number Management,Serial Number Management,Plant Maintenance (PM),Identify material items in the supply chain and track these during goods movement.,2026-02-27,https://help.sap.com/docs/SAP_S4HANA_ON-PREMISE?version=2022
752,https://education.hana.ondemand.com/education/pub/s4/index.html?show=project!PR_B836DFDABB1409AC,Credit Controller,Setting a Credit Limit,Setting a Credit Limit,Controlling (CO),Maintain credit profile information. Edit credit segment data to maintain the credit limit and its validity.,2026-02-27,https://help.sap.com/docs/SAP_S4HANA_ON-PREMISE?version=2022
753,https://education.hana.ondemand.com/education/pub/s4/index.html?show=project!PR_FCC5C7196F84DFB7,Credit Controller,Setting a Credit Limit and Calculating an Internal Score,Setting a Credit Limit and Calculating an Internal Score,Controlling (CO),"Check the credit profile for a customer, check the credit segment data, and calculate an internal score.",2026-02-27,https://help.sap.com/docs/SAP_S4HANA_ON-PREMISE?version=2022
754,https://education.hana.ondemand.com/education/pub/s4/index.html?show=project!PR_86D5A90C43C0FBF,Consolidation Specialist,Setting Up a Consolidation Group Structure and Performing Data Preparation for Initial Consolidation,Setting Up a Consolidation Group Structure and Performing Data Preparation for Initial Consolidation,Finance - Consolidation (FI-LC),"Set up consolidation group structures and maintain group-specific settings, as well as prepare data for initial consolidation.",2026-02-27,https://help.sap.com/docs/SAP_S4HANA_ON-PREMISE?version=2022
755,https://education.hana.ondemand.com/education/pub/s4/index.html?show=project!PR_493AEBC117AFD7A3,"Consolidation Specialist,Configuration Expert - Business Process Configuration",Setting Up a Consolidation Group Structure and Performing Data Preparation for Initial Consolidation (Actuals_Activity Based),Setting Up a Consolidation Group Structure and Performing Data Preparation for Initial Consolidation (Actuals_Activity Based),Finance - Consolidation (FI-LC),Set up a consolidation group structure and prepare data for initial consolidation.,2026-02-27,https://help.sap.com/docs/SAP_S4HANA_ON-PREMISE?version=2022
756,https://education.hana.ondemand.com/education/pub/s4/index.html?show=project!PR_5F9B6E43A3CDF587,Accounts Payable Accountant,Settling Consignment Withdrawals,Settling Consignment Withdrawals,Finance - Accounts Payable (FI-AP),Settle consignment orders and create an invoice for a consignment withdrawal.,2026-02-27,https://help.sap.com/docs/SAP_S4HANA_ON-PREMISE?version=2022
757,https://education.hana.ondemand.com/education/pub/s4/index.html?show=project!PR_B962A3D88538AC9D,Accounts Payable and Receivable Accountant (FI-CA),Settling Documents with a Payment Service Provider,Settling Documents with a Payment Service Provider,Finance - Accounts Payable (FI-AP),Settling Documents with Payment Service Provider.,2026-02-27,https://help.sap.com/docs/SAP_S4HANA_ON-PREMISE?version=2022
758,https://education.hana.ondemand.com/education/pub/s4/index.html?show=project!PR_3CAC30A246B1A9B7,Order Fulfillment Specialist,Solving Issues by Redistributing Quantities,Solving Issues by Redistributing Quantities,General,Solve issues by redistributing quantities.,2026-02-27,https://help.sap.com/docs/SAP_S4HANA_ON-PREMISE?version=2022
759,https://education.hana.ondemand.com/education/pub/s4/index.html?show=project!PR_CCFD4447B32FA985,Production Operator - Repetitive Manufacturing,Staging Material,Staging Material,Production (PP),Stage materials for a production order.,2026-02-27,https://help.sap.com/docs/SAP_S4HANA_ON-PREMISE?version=2022
760,https://education.hana.ondemand.com/education/pub/s4/index.html?show=project!PR_12092D1251F2719E,Production Operator - Discrete Manufacturing,Staging Material for Subassembly,Staging Material for Subassembly,Production (PP),Stage component materials for a semi-finished production order in preparation for production.,2026-02-27,https://help.sap.com/docs/SAP_S4HANA_ON-PREMISE?version=2022
761,https://education.hana.ondemand.com/education/pub/s4/index.html?show=project!PR_5A60A9D6E58F1283,Production Operator - Discrete Manufacturing,Staging Materials,Staging Materials,Production (PP),Stage materials for a production order.,2026-02-27,https://help.sap.com/docs/SAP_S4HANA_ON-PREMISE?version=2022
762,https://education.hana.ondemand.com/education/pub/s4/index.html?show=slide!SL_D0BCD7299920A79F,"Cost Accountant - Overhead,Cost Accountant - Inventory",Standard Cost Calculation,Standard Cost Calculation,Finance - General Ledger (FI-GL),Update the standard costs for products as part of the annual operations planning. Create and execute the costing run.,2026-02-27,https://help.sap.com/docs/SAP_S4HANA_ON-PREMISE?version=2022
763,https://education.hana.ondemand.com/education/pub/s4/index.html?show=slide!SL_DCF3AD52D2C60F87,"Purchaser,Inventory Manager,Shipping Specialist,Warehouse Clerk,Accounts Payable Accountant",Subcontracting,Subcontracting,Finance - Accounts Payable (FI-AP),Deliver raw components to a supplier for specific manufacturing processes and receive the finished material back into inventory.,2026-02-27,https://help.sap.com/docs/SAP_S4HANA_ON-PREMISE?version=2022
764,https://education.hana.ondemand.com/education/pub/s4/index.html?show=slide!SL_8F36B4FF093B0DB0,"Purchaser,Warehouse Clerk,Accounts Payable Accountant",Supplier Consignment,Supplier Consignment,Finance - Accounts Payable (FI-AP),Create purchase orders and post a goods receipt for consignment material. Transfer materials from consignment stock to inventory and settle withdrawals.,2026-02-27,https://help.sap.com/docs/SAP_S4HANA_ON-PREMISE?version=2022
765,https://education.hana.ondemand.com/education/pub/s4/index.html?show=slide!SL_C5B8B5C0AA2930B4,"Strategic Buyer,Employee - Procurement",Supplier Evaluation and Performance Monitoring,Supplier Evaluation and Performance Monitoring,Procurement (MM-PUR),Evaluate the performance of suppliers and analyze KPIs based on that evaluation.,2026-02-27,https://help.sap.com/docs/SAP_S4HANA_ON-PREMISE?version=2022
766,https://education.hana.ondemand.com/education/pub/s4/index.html?show=project!PR_F011A2F67B48DBA4,General Ledger Accountant,Synchronizing G/L Account Master Data (J58),Synchronizing G/L Account Master Data (J58),Finance - General Ledger (FI-GL),Copy changes to general ledger accounts from the quality system to the production system.,2026-02-27,https://help.sap.com/docs/SAP_S4HANA_ON-PREMISE?version=2022
767,https://education.hana.ondemand.com/education/pub/s4/index.html?show=project!PR_B20DD2FB88FC599E,"Key User,Employee",The SAP Fiori Launchpad,The SAP Fiori Launchpad,Human Capital Management (HCM),Navigate the SAP Fiori Launchpad and view the new features available with SAP Fiori 3.,2026-02-27,https://help.sap.com/docs/SAP_S4HANA_ON-PREMISE?version=2022
768,https://education.hana.ondemand.com/education/pub/s4/index.html?show=project!PR_DF31D81E60C7F2B5,Sales Manager,Tracking Sales Data with the Sales Management Overview App,Tracking Sales Data with the Sales Management Overview App,Sales (SD),"You as a sales manager can get a graphical overview of your various sales data on cards. You can further analyze the data by navigating to related analytical apps from the cards. Using this app, you can gain comprehensive insights into your current sales situation and respond quickly.",2026-02-27,https://help.sap.com/docs/SAP_S4HANA_ON-PREMISE?version=2022
769,https://education.hana.ondemand.com/education/pub/s4/index.html?show=project!PR_266F2F59077939B9,"Key User,End User",Transferring Data to Staging Tables Using the SAP HANA Studio,Transferring Data to Staging Tables Using the SAP HANA Studio,Configuration / Basis,Migrate your data from an SAP or non-SAP legacy system to an SAP S/4HANA system.,2026-02-27,https://help.sap.com/docs/SAP_S4HANA_ON-PREMISE?version=2022
770,https://education.hana.ondemand.com/education/pub/s4/index.html?show=project!PR_80EB79048AAE2681,"Key User,End User",Transferring Data to Staging Tables Using XML Template Files,Transferring Data to Staging Tables Using XML Template Files,Configuration / Basis,Migrate your data from an SAP or non-SAP legacy system to an SAP S/4HANA system.,2026-02-27,https://help.sap.com/docs/SAP_S4HANA_ON-PREMISE?version=2022
771,https://education.hana.ondemand.com/education/pub/s4/index.html?show=project!PR_AE8A3867E45770AB,Warehouse Clerk,Transferring Stock,Transferring Stock - One Step,Warehouse Management (WM),Perform one-step stock transfers from one storage location to another.,2026-02-27,https://help.sap.com/docs/SAP_S4HANA_ON-PREMISE?version=2022
772,https://education.hana.ondemand.com/education/pub/s4/index.html?show=project!PR_B400A5CBB85A65B9,Warehouse Clerk,Transferring Stock,Transferring Stock - Two steps (Remove from Storage Location),Warehouse Management (WM),Perform stock transfers from unrestricted stock to stock transfer (storage location).,2026-02-27,https://help.sap.com/docs/SAP_S4HANA_ON-PREMISE?version=2022
773,https://education.hana.ondemand.com/education/pub/s4/index.html?show=project!PR_5A58BD9EB644CD91,Warehouse Clerk,Transferring Stocks,Transferring Stocks - Two Steps (Place to Storage Location),Warehouse Management (WM),Perform stock transfers (storage location) to unrestricted stock.,2026-02-27,https://help.sap.com/docs/SAP_S4HANA_ON-PREMISE?version=2022
774,https://education.hana.ondemand.com/education/pub/s4/index.html?show=project!PR_1435C411B1DAC4B7,Warehouse Clerk,Transferring Stocks from Consignment Stock to Inventory,Transferring Stocks from Consignment Stock to Inventory,Warehouse Management (WM),Transfer stock from the vendor consignment stock.,2026-02-27,https://help.sap.com/docs/SAP_S4HANA_ON-PREMISE?version=2022
775,https://education.hana.ondemand.com/education/pub/s4/index.html?show=project!PR_2F5E3F671FE619B3,Warehouse Clerk,Unblocking Material – Stock Transfer Blocked to Quality Inspection Stock,Unblocking Material – Stock Transfer Blocked to Quality Inspection Stock,Warehouse Management (WM),Perform stock transfers from blocked stock to quality inspection stock.,2026-02-27,https://help.sap.com/docs/SAP_S4HANA_ON-PREMISE?version=2022
776,https://education.hana.ondemand.com/education/pub/s4/index.html?show=project!PR_23D896166E438487,Warehouse Clerk,Unblocking Material – Stock Transfer Blocked to Unrestricted,Unblocking Material – Stock Transfer Blocked to Unrestricted,Warehouse Management (WM),Perform stock transfers from blocked stock to unrestricted.,2026-02-27,https://help.sap.com/docs/SAP_S4HANA_ON-PREMISE?version=2022
777,https://education.hana.ondemand.com/education/pub/s4/index.html?show=project!PR_76E2E6D2B758C7B1,Cost Accountant - Overhead,Updating Plan Data,Updating Plan Data,Finance - General Ledger (FI-GL),Update and import a financial plan data template.,2026-02-27,https://help.sap.com/docs/SAP_S4HANA_ON-PREMISE?version=2022
778,https://education.hana.ondemand.com/education/pub/s4/index.html?show=project!PR_81CD32E3E3156D8C,Cash Management Specialist,Uploading BAI2 Bank Statements,Uploading BAI2 Bank Statements,Treasury (TR),Upload BAI2 format electronic bank statements in the SAP S4/HANA system.,2026-02-27,https://help.sap.com/docs/SAP_S4HANA_ON-PREMISE?version=2022
779,https://education.hana.ondemand.com/education/pub/s4/index.html?show=project!PR_44E60C33A8EC7DA7,Cash Management Specialist,Uploading camt.052 Bank Statements,Uploading camt.052 Bank Statements,Treasury (TR),Upload camt.052 format electronic bank statements in the SAP S4/HANA system.,2026-02-27,https://help.sap.com/docs/SAP_S4HANA_ON-PREMISE?version=2022
780,https://education.hana.ondemand.com/education/pub/s4/index.html?show=project!PR_A812A6A94B7B7B90,Cash Management Specialist,Uploading camt.053 Bank Statements,Uploading camt.053 Bank Statements,Treasury (TR),Upload camt.053 format electronic bank statements in the SAP S4/HANA system.,2026-02-27,https://help.sap.com/docs/SAP_S4HANA_ON-PREMISE?version=2022
781,https://education.hana.ondemand.com/education/pub/s4/index.html?show=project!PR_CBE0198D3C8BBD82,Cash Management Specialist,Uploading camt.054 Bank Statements,Uploading camt.054 Bank Statements,Treasury (TR),Upload camt.054 format electronic bank statements in the SAP S4/HANA system.,2026-02-27,https://help.sap.com/docs/SAP_S4HANA_ON-PREMISE?version=2022
782,https://education.hana.ondemand.com/education/pub/s4/index.html?show=project!PR_7C57F2836FCFEC99,Cash Management Specialist,Uploading GPI Tracker Files,Uploading GPI Tracker Files,Treasury (TR),Upload pain.002 format bank message files sent by the bank to monitor the payment batch status.,2026-02-27,https://help.sap.com/docs/SAP_S4HANA_ON-PREMISE?version=2022
783,https://education.hana.ondemand.com/education/pub/s4/index.html?show=project!PR_DF2E7524E0E4EBB8,General Ledger Accountant,Uploading Journal Entries,Uploading Journal Entries,Finance - General Ledger (FI-GL),Upload multiple general ledger account documents using a single upload file.,2026-02-27,https://help.sap.com/docs/SAP_S4HANA_ON-PREMISE?version=2022
784,https://education.hana.ondemand.com/education/pub/s4/index.html?show=project!PR_B453A4EFDFBB109B,Cash Management Specialist for USA,Uploading Lockbox Files,Uploading Lockbox Files,Treasury (TR),Clear customer invoices and create bank journal entries.,2026-02-27,https://help.sap.com/docs/SAP_S4HANA_ON-PREMISE?version=2022
785,https://education.hana.ondemand.com/education/pub/s4/index.html?show=project!PR_7A3943215C63B2BB,Cash Management Specialist,Uploading MT940 Bank Statements,Uploading MT940 Bank Statements,Treasury (TR),Upload MT940 format electronic bank statements in the SAP S4/HANA system.,2026-02-27,https://help.sap.com/docs/SAP_S4HANA_ON-PREMISE?version=2022
786,https://education.hana.ondemand.com/education/pub/s4/index.html?show=project!PR_98E82A986F78AC9E,Cash Management Specialist,Uploading pain.002 Payment Status Reports,Uploading pain.002 Payment Status Reports,Treasury (TR),Upload pain.002 format payment status reports in the SAP S4/HANA system.,2026-02-27,https://help.sap.com/docs/SAP_S4HANA_ON-PREMISE?version=2022
787,https://education.hana.ondemand.com/education/pub/s4/index.html?show=project!PR_EDCEA25D9A458E81,End User,Using Features of the SAP Best Practices Explorer,Using Features of the SAP Best Practices Explorer,General,Set country and language preferences and report issues or request support.,2026-02-27,https://help.sap.com/docs/SAP_S4HANA_ON-PREMISE?version=2022
788,https://education.hana.ondemand.com/education/pub/s4/index.html?show=project!PR_853E6F8E87BBB18C,"Key User,Employee",Using the Learning Center,Using the Learning Center,Human Capital Management (HCM),Open the Learning Center and use the Learning Center functions.,2026-02-27,https://help.sap.com/docs/SAP_S4HANA_ON-PREMISE?version=2022
789,https://education.hana.ondemand.com/education/pub/s4/index.html?show=project!PR_D1945FF51F8FD7B4,"Key User,End User",Using the Migration Approach,Using the Migration Approach - Migrate Data Directly from SAP System,Configuration / Basis,Select data from a source system and migrate it to an SAP S/4HANA system.,2026-02-27,https://help.sap.com/docs/SAP_S4HANA_ON-PREMISE?version=2022
790,https://education.hana.ondemand.com/education/pub/s4/index.html?show=project!PR_1B172B9EBCAF75B4,"Key User,End User",Using the Migration Object Modeler to Add Additional Fields to a Migration Object,Using the Migration Object Modeler to Add Additional Fields to a Migration Object,Configuration / Basis,Adjust delivered migration objects with the migration object modeler.,2026-02-27,https://help.sap.com/docs/SAP_S4HANA_ON-PREMISE?version=2022
791,https://education.hana.ondemand.com/education/pub/s4/index.html?show=project!PR_9A72E696319EB0AF,"Key User,End User",Using the Migration Object Modeler to Create a New Migration Object,Using the Migration Object Modeler to Create a New Migration Object,Configuration / Basis,Create your own migration objects with the migration object modeler.,2026-02-27,https://help.sap.com/docs/SAP_S4HANA_ON-PREMISE?version=2022
792,https://education.hana.ondemand.com/education/pub/s4/index.html?show=project!PR_FE8BF6C5D9EBB8AB,"Key User,End User",Using the Migration Object Modeler to Work on a Migration Object,Using the Migration Object Modeler to Work on a Migration Object,Configuration / Basis,Check and adjust delivered migration objects with the migration object modeler.,2026-02-27,https://help.sap.com/docs/SAP_S4HANA_ON-PREMISE?version=2022
793,https://education.hana.ondemand.com/education/pub/s4/index.html?show=project!PR_450A4EA7DA6DB2B2,Sales Manager,Using the Order to Cash Dashboard,Using the Order to Cash Dashboard,Sales (SD),This app Identify the areas where corrective measures have to be taken for sales using the sales volume and profit margin dashboards. Identify such hotspots for sales & after-sales service in a single view of incoming orders and take action accordingly.,2026-02-27,https://help.sap.com/docs/SAP_S4HANA_ON-PREMISE?version=2022
794,https://education.hana.ondemand.com/education/pub/s4/index.html?show=project!PR_811FF9D15B3BF887,Purchaser,Using the Procurement Overview Page,Using the Procurement Overview Page,Procurement (MM-PUR),"Check urgent purchase requisition items, assign a source of supply, and prepare for a supplier meeting.",2026-02-27,https://help.sap.com/docs/SAP_S4HANA_ON-PREMISE?version=2022
795,https://education.hana.ondemand.com/education/pub/s4/index.html?show=project!PR_B1A5622700E31B95,"Key User,Employee",Using the Search Function,Using the Search Function,Human Capital Management (HCM),Use the search function to find business objects and apps.,2026-02-27,https://help.sap.com/docs/SAP_S4HANA_ON-PREMISE?version=2022
796,https://education.hana.ondemand.com/education/pub/s4/index.html?show=project!PR_542FF44620DF1B81,Consolidation Specialist,Validating Configurations,Validating Configurations,Finance - Consolidation (FI-LC),Validate your consolidation configuration.,2026-02-27,https://help.sap.com/docs/SAP_S4HANA_ON-PREMISE?version=2022
797,https://education.hana.ondemand.com/education/pub/s4/index.html?show=project!PR_58C452374F8B4CAF,General Ledger Accountant,Verifying Currency Adjustments,Verifying Currency Adjustments,Finance - General Ledger (FI-GL),"Verify currency adjustments made in the Posting Currency Adjustments step. After doing so, another user will approve or reject the currency adjustments.",2026-02-27,https://help.sap.com/docs/SAP_S4HANA_ON-PREMISE?version=2022
798,https://education.hana.ondemand.com/education/pub/s4/index.html?show=project!PR_5A365B4428C43B81,General Ledger Accountant,Verifying Data Flows,Verifying Data Flows,Finance - General Ledger (FI-GL),Modify errors in previous postings.,2026-02-27,https://help.sap.com/docs/SAP_S4HANA_ON-PREMISE?version=2022
799,https://education.hana.ondemand.com/education/pub/s4/index.html?show=project!PR_8B7AF0567A741B8A,General Ledger Accountant,Verifying General Journal Entries for Ledger Group,Verifying General Journal Entries for Ledger Group,Finance - General Ledger (FI-GL),Enter journal entries to be checked before final posting. Check the status of journal entries to be submitted for verification. Edit and resubmit rejected journal entries.,2026-02-27,https://help.sap.com/docs/SAP_S4HANA_ON-PREMISE?version=2022
800,https://education.hana.ondemand.com/education/pub/s4/index.html?show=project!PR_A5AB73FB41998680,"General Ledger Accountant, Business Process Specialist",Verifying General Journal Entries with Auto-Reverse,Verifying General Journal Entries with Auto-Reverse,Finance - General Ledger (FI-GL),Enter a journal entry with automatic reversal to be checked before final posting.,2026-02-27,https://help.sap.com/docs/SAP_S4HANA_ON-PREMISE?version=2022
801,https://education.hana.ondemand.com/education/pub/s4/index.html?show=project!PR_340B1FC8FCB4A285,Accounts Payable Manager,Viewing Aging Analysis,Viewing Aging Analysis,Finance - Accounts Payable (FI-AP),View aging analysis.,2026-02-27,https://help.sap.com/docs/SAP_S4HANA_ON-PREMISE?version=2022
802,https://education.hana.ondemand.com/education/pub/s4/index.html?show=project!PR_74C7AE5933FCFFA4,General Ledger Accountant,Viewing Audit Journals (1GA),Viewing Audit Journals (1GA),Finance - General Ledger (FI-GL),Run various auditing reports to ensure the correctness of the journal.,2026-02-27,https://help.sap.com/docs/SAP_S4HANA_ON-PREMISE?version=2022
803,https://education.hana.ondemand.com/education/pub/s4/index.html?show=project!PR_4B5D22A2EB02DB84,General Ledger Accountant,Viewing Audit Journals (J58),Viewing Audit Journals (J58),Finance - General Ledger (FI-GL),Run various auditing reports to ensure the journal is correct.,2026-02-27,https://help.sap.com/docs/SAP_S4HANA_ON-PREMISE?version=2022
804,https://education.hana.ondemand.com/education/pub/s4/index.html?show=project!PR_8AAB58DDBD1D25B8,General Ledger Accountant,Viewing Balance Carryforward Status (1GA),Viewing Balance Carryforward Status (1GA),Finance - General Ledger (FI-GL),View the status of balance carryforward jobs. The balance carryforward run carries forward account balances for all currencies into a new fiscal year. It is automatically scheduled two weeks before the start of a new fiscal year and opening balance for a fiscal year are made available.,2026-02-27,https://help.sap.com/docs/SAP_S4HANA_ON-PREMISE?version=2022
805,https://education.hana.ondemand.com/education/pub/s4/index.html?show=project!PR_53852ABF04613C83,Divisional Accountant,Viewing Change Logs,Viewing Change Logs - Profit Centers,Finance - General Ledger (FI-GL),View a list of changes for a profit center.,2026-02-27,https://help.sap.com/docs/SAP_S4HANA_ON-PREMISE?version=2022
806,https://education.hana.ondemand.com/education/pub/s4/index.html?show=project!PR_C7FDF82088107E88,Consolidation Specialist,Viewing Consolidated Balance Sheet Reports,Viewing Consolidated Balance Sheet Reports,Finance - Consolidation (FI-LC),View consolidated balance sheet reports and manage report layouts.,2026-02-27,https://help.sap.com/docs/SAP_S4HANA_ON-PREMISE?version=2022
807,https://education.hana.ondemand.com/education/pub/s4/index.html?show=project!PR_2527DEED58E6619B,Consolidation Specialist,Viewing Consolidated P&L by Nature of Expense,Viewing Consolidated P&L by Nature of Expense,Finance - Consolidation (FI-LC),View consolidated P&L by nature of expense.,2026-02-27,https://help.sap.com/docs/SAP_S4HANA_ON-PREMISE?version=2022
808,https://education.hana.ondemand.com/education/pub/s4/index.html?show=project!PR_1DEDDDF18B053793,Accounts Receivable Accountant,Viewing Customer Line Items,Viewing Customer Line Items,Finance - Accounts Receivable (FI-AR),Display a customer line item.,2026-02-27,https://help.sap.com/docs/SAP_S4HANA_ON-PREMISE?version=2022
809,https://education.hana.ondemand.com/education/pub/s4/index.html?show=project!PR_FAD7AC48A8BE6397,Accounts Payable Manager,Viewing Days Payable Outstanding,Viewing Days Payable Outstanding,Finance - Accounts Payable (FI-AP),View days payable outstanding. Create and save an analysis. Open a previously saved analysis.,2026-02-27,https://help.sap.com/docs/SAP_S4HANA_ON-PREMISE?version=2022
810,https://education.hana.ondemand.com/education/pub/s4/index.html?show=project!PR_82FF17338415C6A1,General Ledger Accountant,Viewing Journal Entries in the Journal Entry Analyzer,Viewing Journal Entries in the Journal Entry Analyzer,Finance - General Ledger (FI-GL),"The Journal Entry Analyzer provides an overview of cumulated amounts of selected journal entries in general ledger accounts. This can be grouped by various fields such as company code, business area, functional area, or profit center.",2026-02-27,https://help.sap.com/docs/SAP_S4HANA_ON-PREMISE?version=2022
811,https://education.hana.ondemand.com/education/pub/s4/index.html?show=project!PR_220C81D493BDB696,Legal Counsel,Viewing Overall Status of Legal Contracts Enterprise-Wide,Viewing Overall Status of Legal Contracts Enterprise-Wide,General,View the status of legal content in SAP S/4HANA for legal documents.,2026-02-27,https://help.sap.com/docs/SAP_S4HANA_ON-PREMISE?version=2022
812,https://education.hana.ondemand.com/education/pub/s4/index.html?show=project!PR_7C30BAFEAE74D9BB,Accounts Payable Manager,Viewing Overdue Payables,Viewing Overdue Payables,Finance - Accounts Payable (FI-AP),View any payables that are overdue.,2026-02-27,https://help.sap.com/docs/SAP_S4HANA_ON-PREMISE?version=2022
813,https://education.hana.ondemand.com/education/pub/s4/index.html?show=project!PR_CDEE4BFB85C6CFAA,Accounts Receivable Manager,Viewing Overdue Receivables,Viewing Overdue Receivables,Finance - Accounts Receivable (FI-AR),Monitor the status of overdue items.,2026-02-27,https://help.sap.com/docs/SAP_S4HANA_ON-PREMISE?version=2022
814,https://education.hana.ondemand.com/education/pub/s4/index.html?show=project!PR_144AB0864F2805AA,Cost Accountant - Sales,Viewing P&L Actuals,Viewing P&L Actuals,Finance - General Ledger (FI-GL),Set filters to view actuals and plan data for a fiscal period.,2026-02-27,https://help.sap.com/docs/SAP_S4HANA_ON-PREMISE?version=2022
815,https://education.hana.ondemand.com/education/pub/s4/index.html?show=project!PR_464753327F0BEFAF,Cost Accountant - Sales,Viewing P&L Actuals Versus Plan,Viewing P&L Actuals Versus Plan,Finance - General Ledger (FI-GL),View current actuals and plan data.,2026-02-27,https://help.sap.com/docs/SAP_S4HANA_ON-PREMISE?version=2022
816,https://education.hana.ondemand.com/education/pub/s4/index.html?show=project!PR_2E6927E7B5B5C6BA,Cost Accountant - Overhead,Viewing Posted Statistical Key Figures,Viewing Posted Statistical Key Figures,Finance - General Ledger (FI-GL),View posted key figures.,2026-02-27,https://help.sap.com/docs/SAP_S4HANA_ON-PREMISE?version=2022
817,https://education.hana.ondemand.com/education/pub/s4/index.html?show=project!PR_48C4B49FF1D86C9C,Purchaser,Viewing Purchasing Documents by Requirement Tracking Number,Viewing Purchasing Documents by Requirement Tracking Number,Procurement (MM-PUR),View purchasing documents by requirement tracking number.,2026-02-27,https://help.sap.com/docs/SAP_S4HANA_ON-PREMISE?version=2022
818,https://education.hana.ondemand.com/education/pub/s4/index.html?show=project!PR_182C53033B0F8B80,Cash Manager,Viewing Short-Term Cash Positions,Viewing Short-Term Cash Positions,General,Easily and flexibly check the short-term cash position information according to predefined cash position profiles.,2026-02-27,https://help.sap.com/docs/SAP_S4HANA_ON-PREMISE?version=2022
819,https://education.hana.ondemand.com/education/pub/s4/index.html?show=project!PR_2B3F2A0359F61BB9,Accounts Payable Accountant,Viewing Supplier Balances,Viewing Supplier Balances,Finance - Accounts Payable (FI-AP),Display supplier balances.,2026-02-27,https://help.sap.com/docs/SAP_S4HANA_ON-PREMISE?version=2022
820,https://education.hana.ondemand.com/education/pub/s4/index.html?show=project!PR_78661DAA6D78D69B,Accounts Payable Accountant,Viewing Supplier Line Items,Viewing Supplier Line Items,Finance - Accounts Payable (FI-AP),View all accounts payable line items and modify fields as required.,2026-02-27,https://help.sap.com/docs/SAP_S4HANA_ON-PREMISE?version=2022
821,https://education.hana.ondemand.com/education/pub/s4/index.html?show=project!PR_88542291D57F70AA,Inventory Accountant,Viewing the Balance Summary for Material Inventory Values,Viewing the Balance Summary for Material Inventory Values,Finance - General Ledger (FI-GL),View summary reports for material inventory values.,2026-02-27,https://help.sap.com/docs/SAP_S4HANA_ON-PREMISE?version=2022
822,https://education.hana.ondemand.com/education/pub/s4/index.html?show=project!PR_E3AF281799B3CEAA,General Ledger Accountant,Viewing the Status of Carryforward Balances,Viewing the Status of Carryforward Balances,Finance - General Ledger (FI-GL),View the status of the balance carryforward.,2026-02-27,https://help.sap.com/docs/SAP_S4HANA_ON-PREMISE?version=2022
823,https://education.hana.ondemand.com/education/pub/s4/index.html?show=project!PR_79E6CAC22D56EFA1,General Ledger Accountant,Viewing Year-to-Date Balances by Fiscal Period,Viewing Year-to-Date Balances by Fiscal Period,Finance - General Ledger (FI-GL),View balances for the dimensions of the universal journal entry for a specific fiscal year period range including items carried forward.,2026-02-27,https://help.sap.com/docs/SAP_S4HANA_ON-PREMISE?version=2022
824,https://education.hana.ondemand.com/education/pub/s4/index.html?show=project!PR_806F670A4B26AABA,General Ledger Accountant,Viewing Year-to-Date Balances by Key Date with Additional Time Dimension (Fiscal Period),Viewing Year-to-Date Balances by Key Date with Additional Time Dimension (Fiscal Period),Finance - General Ledger (FI-GL),View period balances including items carried forward.,2026-02-27,https://help.sap.com/docs/SAP_S4HANA_ON-PREMISE?version=2022
825,https://education.hana.ondemand.com/education/pub/s4/index.html?show=project!PR_732A77CF1272B8BB,General Ledger Accountant,Viewing Year-to-Date Balances by Key Date Without Additional Time Dimension,Viewing Year-to-Date Balances by Key Date Without Additional Time Dimension,Finance - General Ledger (FI-GL),View balances up to a specific key date of a fiscal year including items carried forward.,2026-02-27,https://help.sap.com/docs/SAP_S4HANA_ON-PREMISE?version=2022
826,https://education.hana.ondemand.com/education/pub/s4/index.html?show=project!PR_E706FC6EA590BBBD,"Key User,Employee",Working with Adapt UI,Working with Adapt UI,Human Capital Management (HCM),Use the Adapt UI features.,2026-02-27,https://help.sap.com/docs/SAP_S4HANA_ON-PREMISE?version=2022
827,https://education.hana.ondemand.com/education/pub/s4/index.html?show=project!PR_2B6264A1A35F9480,"Key User,Employee",Working with Analytical Applications,Working with Analytical Applications,Human Capital Management (HCM),Use the analytical apps and navigate within an analytical app.,2026-02-27,https://help.sap.com/docs/SAP_S4HANA_ON-PREMISE?version=2022
828,https://education.hana.ondemand.com/education/pub/s4/index.html?show=project!PR_F742672ABFDA29A8,"Key User,Employee",Working with and Personalizing Spaces and Pages,Working with and Personalizing Spaces and Pages,Human Capital Management (HCM),"Enable the spaces mode, work in the spaces mode and personalize the page.",2026-02-27,https://help.sap.com/docs/SAP_S4HANA_ON-PREMISE?version=2022
829,https://education.hana.ondemand.com/education/pub/s4/index.html?show=slide!SL_6F2C4C3EB57FF18A,"Key User,Employee",Working with Apps,Working with Apps,Human Capital Management (HCM),Learn how to simplify your work with the SAP S/4HANA Fiori Apps.,2026-02-27,https://help.sap.com/docs/SAP_S4HANA_ON-PREMISE?version=2022
830,https://education.hana.ondemand.com/education/pub/s4/index.html?show=project!PR_EFC1A6AFAD089EBB,"Key User,Employee",Working with Attachments,Working with Attachments,Human Capital Management (HCM),Add and delete an attachment. Download an attachment.,2026-02-27,https://help.sap.com/docs/SAP_S4HANA_ON-PREMISE?version=2022
831,https://education.hana.ondemand.com/education/pub/s4/index.html?show=project!PR_45787D9104984CA8,"Key User,Employee",Working with Filters,Working with Filters,Human Capital Management (HCM),Filter a list. Create and save a variant of a filter.,2026-02-27,https://help.sap.com/docs/SAP_S4HANA_ON-PREMISE?version=2022
832,https://education.hana.ondemand.com/education/pub/s4/index.html?show=project!PR_3AC51439DACF4F9F,General Ledger Accountant,Working With ML Recommendations for GR/IR Account Reconciliation,Working With ML Recommendations for GR/IR Account Reconciliation,Finance - General Ledger (FI-GL),Process open items on GR/IR accounts based on ML recommendations.,2026-02-27,https://help.sap.com/docs/SAP_S4HANA_ON-PREMISE?version=2022
833,https://education.hana.ondemand.com/education/pub/s4/index.html?show=project!PR_339A5B8D22995B91,"Key User,Employee",Working with Object Page Apps,Working with Object Page Apps,Human Capital Management (HCM),Use the object page apps and navigate within object page apps.,2026-02-27,https://help.sap.com/docs/SAP_S4HANA_ON-PREMISE?version=2022
834,https://education.hana.ondemand.com/education/pub/s4/index.html?show=project!PR_A73E60D5B05C3B99,"Key User,Employee",Working with Overview Pages,Working with Overview Pages,Human Capital Management (HCM),View the various features on the Overview pages.,2026-02-27,https://help.sap.com/docs/SAP_S4HANA_ON-PREMISE?version=2022
835,https://education.hana.ondemand.com/education/pub/s4/index.html?show=project!PR_7ECC843A609FB4B9,"Key User,Employee",Working with Tables,Working with Tables,Human Capital Management (HCM),"Set or filter a table, add or remove columns and group data in a table, and save table settings.",2026-02-27,https://help.sap.com/docs/SAP_S4HANA_ON-PREMISE?version=2022
836,https://education.hana.ondemand.com/education/pub/s4/index.html?show=slide!SL_9A0F2C32BE244984,"Key User,Employee,Administrator",Working with the Launchpad,Working with the Launchpad,Human Capital Management (HCM),Click through the following interactive tutorials and try it yourself how to navigate and become more productive with the SAP Fiori Launchpad.,2026-02-27,https://help.sap.com/docs/SAP_S4HANA_ON-PREMISE?version=2022
837,https://education.hana.ondemand.com/education/pub/s4/index.html?show=project!PR_C1394E95406860A1,"Key User,Employee",Working with Transactional Apps,Working with Transactional Apps,Human Capital Management (HCM),Work with transactional apps and navigate within transactional apps.,2026-02-27,https://help.sap.com/docs/SAP_S4HANA_ON-PREMISE?version=2022
838,https://education.hana.ondemand.com/education/pub/s4/index.html?show=project!PR_3E04246CCDC4708E,"Key User,Employee",Working with User Defaults,Working with User Defaults,Human Capital Management (HCM),Work with user defaults and check the values using an app.,2026-02-27,https://help.sap.com/docs/SAP_S4HANA_ON-PREMISE?version=2022
